geo,TIME_PERIOD,Passengers_Mil_KM,km_railways,population,GDP_Capita,area,cars_per_capita,fuel_price,passengers_per_capita,passengers_per_km_rail,rail_density,pop_density,gdp_per_km_rail
Austria,2004,8274.0,5675.0,8142573.0,39620.0,83879.0,501.0,,1016.1407211209528,1457973.5682819383,0.06765698208133145,97.07522741091334,6.981497797356829
Austria,2005,8685.0,5691.0,8201359.0,40270.0,83879.0,504.0,1.033530612244898,1058.970836418696,1526093.8323668952,0.0678477330440277,97.77607029172975,7.076085046564751
Austria,2006,8907.0,5702.0,8254298.0,41370.0,83879.0,508.0,1.091795918367347,1079.0741986780706,1562083.4794808838,0.06797887433088139,98.40720561761586,7.255349000350754
Austria,2007,9167.0,5702.0,8282984.0,42790.0,83879.0,511.0,1.1212448979591838,1106.726754512625,1607681.5152578042,0.06797887433088139,98.74919824985992,7.504384426517012
Austria,2008,10365.0,5693.0,8307989.0,43270.0,83879.0,514.0,1.2156938775510204,1247.5943335986603,1820656.947128052,0.06787157691436474,99.04730623874867,7.600562093799403
Austria,2009,10184.0,5693.0,8335003.0,41620.0,83879.0,522.0,1.0448600000000001,1221.8351931007103,1788863.5165993324,0.06787157691436474,99.36936539539099,7.310732478482347
Austria,2010,10263.0,5828.0,8351643.0,42280.0,83879.0,530.0,1.1874897959183672,1228.859997966867,1760981.4687714481,0.06948103816211447,99.5677463965951,7.254632807137955
Austria,2011,10778.0,5500.0,8375164.0,43370.0,83879.0,537.0,1.3574081632653063,1286.900172939897,1959636.3636363635,0.06557064342684105,99.84816223369377,7.885454545454546
Austria,2012,11211.0,5566.0,8408121.0,43450.0,83879.0,542.0,1.4497755102040817,1333.3537897468411,2014193.316564858,0.06635749114796313,100.24107345104257,7.8063241106719365
Austria,2013,11804.0,5531.0,8451860.0,43080.0,83879.0,546.0,1.3929795918367347,1396.6156561987539,2134152.9560658108,0.06594022341706506,100.76252697337831,7.788826613632255
Austria,2014,11981.0,5531.0,8507786.0,43070.0,83879.0,547.0,1.3496938775510205,1408.2394644153014,2166154.402458868,0.06594022341706506,101.42927311961277,7.787018622310613
Austria,2015,12104.0,5522.0,8584926.0,43200.0,83879.0,546.0,1.2020816326530612,1409.913143106883,2191959.4349873234,0.06583292600054841,102.34893119851215,7.823252444766389
Austria,2016,12497.0,5491.0,8700471.0,43550.0,83879.0,550.0,1.1114199999999999,1436.3590201036243,2275906.028045893,0.0654633460103244,103.72645119755839,7.931160080131123
Austria,2017,12562.0,5527.0,8772865.0,44260.0,83879.0,555.0,1.17744,1431.915343505229,2272842.409987335,0.06589253567639099,104.58952777214797,8.007960919124299
Austria,2018,13122.0,5526.0,8822267.0,45140.0,83879.0,562.0,1.26434,1487.3728033848897,2374592.8338762214,0.06588061374122248,105.17849521334303,8.168657256605139
Austria,2019,13252.0,5615.0,8858775.0,45730.0,83879.0,566.0,1.238204081632653,1495.9178893244268,2360106.856634016,0.06694166597122045,105.61374122247523,8.144256455921639
Austria,2020,7375.0,5607.0,8901064.0,42650.0,83879.0,570.0,1.08368,828.5526314606883,1315320.1355448547,0.06684629048987231,106.11790793881663,7.606563224540753
Austria,2021,8447.0,5603.0,8932664.0,44580.0,83879.0,572.0,1.2833673469387754,945.6305532145841,1507585.2222023916,0.06679860274919824,106.49464109014176,7.956451900767446
Austria,2022,12855.0,5575.0,8978929.0,46430.0,83879.0,566.0,1.7277058823529412,1431.685226601079,2305829.5964125562,0.0664647885644798,107.04620942071317,8.328251121076233
Austria,2023,14435.0,5577.0,9104772.0,45670.0,83879.0,566.0,1.5954117647058823,1585.4323425122561,2588309.1267706654,0.06648863243481681,108.5465015081248,8.188990496682804
Austria,2024,14842.0,5624.0,9158750.0,45140.0,83879.0,569.0,1.568245283018868,1620.5268186160774,2639046.9416785208,0.0670489633877371,109.19002372465098,8.026315789473685
Belgium,2004,9225.0,3536.0,10396421.0,37440.0,30528.0,467.0,,887.324589875689,2608880.0904977378,0.11582809224318659,340.55362290356396,10.588235294117647
Belgium,2005,8510.0,3544.0,10445852.0,38100.0,30528.0,468.0,1.2219444897959182,814.6774432569024,2401241.5349887135,0.1160901467505241,342.1728249475891,10.750564334085778
Belgium,2006,8964.0,3560.0,10511382.0,38810.0,30528.0,470.0,1.292820612244898,852.789861504415,2517977.5280898875,0.11661425576519917,344.3193789308176,10.901685393258427
Belgium,2007,9403.0,3568.0,10584534.0,39950.0,30528.0,473.0,1.3198008163265307,888.3716562297404,2635369.9551569507,0.11687631027253668,346.71560534591197,11.196748878923767
Belgium,2008,10139.0,3513.0,10666866.0,39810.0,30528.0,477.0,1.4177234693877552,950.5134872792065,2886137.2046683747,0.1150746855345912,349.4125393081761,11.332194705380017
Belgium,2009,10237.0,3578.0,10753080.0,38740.0,30528.0,479.0,1.240421,952.006308890104,2861095.5841252096,0.1172038784067086,352.2366352201258,10.827277808831749
Belgium,2010,10498.0,3582.0,10839905.0,39420.0,30528.0,480.0,1.4007326530612245,968.4586719164051,2930764.9357900615,0.11733490566037735,355.0807455450734,11.00502512562814
Belgium,2011,10669.0,3587.0,11000638.0,39670.0,30528.0,488.0,1.5445285714285715,969.8528394444031,2974351.8260384724,0.11749868972746332,360.3458464360587,11.059381098410928
Belgium,2013,10595.0,3595.0,11137974.0,39440.0,30528.0,492.0,1.582044081632653,951.2502004404032,2947148.8178025037,0.11776074423480083,364.84453616352204,10.970792767732963
Belgium,2014,10974.0,3631.0,11180840.0,39960.0,30528.0,497.0,1.5342485714285714,981.5004954904998,3022307.904158634,0.1189399895178197,366.24868972746333,11.005232718259432
Belgium,2015,10333.0,3607.0,11237274.0,40310.0,30528.0,501.0,1.3658259183673471,919.5290601617438,2864707.5131688383,0.11815382599580712,368.0972877358491,11.175492098696978
Belgium,2016,10025.0,3602.0,11311117.0,40590.0,30528.0,505.0,1.2633166,886.2961986866549,2783176.01332593,0.11799004192872117,370.5161491090147,11.268739589117157
Belgium,2017,10167.0,3605.0,11351727.0,41030.0,30528.0,509.0,1.3504262,895.6346466048734,2820249.653259362,0.11808831236897274,371.84640330188677,11.38141470180305
Belgium,2018,10500.0,3607.0,11398589.0,41610.0,30528.0,511.0,1.4031836000000002,921.1666461524317,2911006.376490158,0.11815382599580712,373.3814530922432,11.535902411976712
Belgium,2019,10849.0,3614.0,11455519.0,42400.0,30528.0,510.0,1.391061224489796,947.054428524801,3001936.9120088546,0.11838312368972746,375.24629848008385,11.732152739346985
Belgium,2020,7397.0,3615.0,11522440.0,40190.0,30528.0,510.0,1.2775436,641.9647227496954,2046196.4038727523,0.11841588050314465,377.4384171907757,11.117565698478561
Belgium,2021,6970.0,3612.0,11554767.0,42530.0,30528.0,510.0,1.4857632653061226,603.2142404948538,1929678.8482834995,0.11831761006289308,378.49734669811323,11.774640088593577
Bulgaria,2006,2411.0,4146.0,7629371.0,6220.0,110370.0,233.0,,316.01556668302015,581524.3608297154,0.037564555585757,69.12540545438073,1.5002411963338158
Bulgaria,2007,2404.0,4143.0,7572673.0,6670.0,110370.0,277.0,,317.45725716665703,580255.8532464398,0.03753737428649089,68.61169701911751,1.6099444846729423
Bulgaria,2008,2317.0,4144.0,7518002.0,7110.0,110370.0,317.0,1.0219830612244898,308.1935865406793,559121.6216216217,0.037546434719579594,68.1163540817251,1.7157335907335907
Bulgaria,2009,2138.0,4150.0,7467119.0,6910.0,110370.0,337.0,0.8819056000000001,286.3219402288888,515180.7228915663,0.037600797318111806,67.6553320648727,1.6650602409638555
Bulgaria,2010,2090.0,4098.0,7421766.0,7060.0,110370.0,353.0,1.0185214285714286,281.6041357272649,510004.8804294778,0.03712965479749932,67.24441424300082,1.7227916056612982
Bulgaria,2011,2059.0,4072.0,7369431.0,7390.0,110370.0,368.0,1.1681428571428571,279.39741887806537,505648.3300589391,0.036894083537193076,66.77023647730361,1.8148330058939097
Bulgaria,2012,1870.0,4070.0,7327224.0,7530.0,110370.0,385.0,1.2782304081632654,255.21261530969983,459459.45945945947,0.03687596267101567,66.38782277792879,1.8501228501228502
Bulgaria,2013,1821.0,4032.0,7202556.0,7600.0,110370.0,409.0,1.317534,252.82691311251173,451636.90476190473,0.03653166621364501,65.25827670562653,1.8849206349206349
Bulgaria,2014,1698.0,4023.0,7117453.0,7770.0,110370.0,429.0,1.2768363265306122,238.5684879127407,422073.0797912006,0.0364501223158467,64.48720666847875,1.9313944817300521
Bulgaria,2015,1549.0,4019.0,7029690.0,8130.0,110370.0,456.0,1.1029548979591837,220.3511107886692,385419.2585220204,0.03641388058349189,63.69203587931503,2.0228912664842
Bulgaria,2016,1455.0,4029.0,6938759.0,8490.0,110370.0,459.0,0.9838294000000001,209.69167541342767,361131.7944899479,0.03650448491437891,62.8681616381263,2.1072226358897987
Bulgaria,2017,1434.0,4030.0,6849518.0,8840.0,110370.0,410.0,1.0259268,209.35779714718612,355831.26550868485,0.03651354534746761,62.05959952885748,2.193548387096774
Bulgaria,2018,1476.0,4030.0,6757418.0,9170.0,110370.0,416.0,1.0982826,218.42662389687897,366253.1017369727,0.03651354534746761,61.225133641388055,2.2754342431761785
Bulgaria,2019,1520.0,4030.0,6664177.0,9650.0,110370.0,431.0,1.0842144897959185,228.08517840987716,377171.2158808933,0.03651354534746761,60.38032979976443,2.3945409429280398
Bulgaria,2020,1118.0,4029.0,6569275.0,9440.0,110370.0,439.0,0.9311896000000001,170.18620776265266,277488.21047406306,0.03650448491437891,59.52047657878047,2.3430131546289403
Bulgaria,2021,1203.0,4031.0,6532117.0,10250.0,110370.0,437.0,1.075895306122449,184.16694005940187,298437.1123790623,0.036522605780556314,59.18380900607049,2.542793351525676
Bulgaria,2022,1600.0,4029.0,6482484.0,10740.0,110370.0,449.0,1.4637311764705883,246.81896630982814,397120.8736659221,0.03650448491437891,58.73411253057896,2.665673864482502
Bulgaria,2023,1592.0,4029.0,6447710.0,10950.0,110370.0,466.0,1.337706470588235,246.90936782206396,395135.26929759246,0.03650448491437891,58.41904503035245,2.717795979151154
Bulgaria,2024,1498.0,4025.0,6445481.0,11330.0,110370.0,484.0,1.3106739682646873,232.41089377193106,372173.9130434783,0.0364682431820241,58.398849324997734,2.8149068322981368
Croatia,2004,1169.0,2726.0,4305725.0,10570.0,56594.0,308.0,,271.49899262029044,428833.45561261923,0.048167650280948514,76.08094497649928,3.877476155539252
Croatia,2005,1227.0,2726.0,4310861.0,11020.0,56594.0,319.0,,284.6299149984191,450110.0513573001,0.048167650280948514,76.17169664628759,4.042553191489362
Croatia,2006,1322.0,2722.0,4312487.0,11570.0,56594.0,331.0,,306.5516487354049,485672.29977957386,0.048096971410396865,76.20042760716684,4.250551065393093
Croatia,2007,1573.0,2722.0,4313530.0,12160.0,56594.0,350.0,,364.66652602392935,577883.9088905216,0.048096971410396865,76.21885712266318,4.46730345334313
Croatia,2008,1769.0,2722.0,4311967.0,12400.0,56594.0,360.0,,410.2536035178377,649889.7869213814,0.048096971410396865,76.19123935399513,4.555473916238061
Croatia,2009,1802.0,2722.0,4309796.0,11570.0,56594.0,358.0,,418.1172380316841,662013.2255694342,0.048096971410396865,76.15287839700322,4.250551065393093
Croatia,2010,1711.0,2722.0,4302847.0,11440.0,56594.0,355.0,,397.64369962492276,628581.9250551065,0.048096971410396865,76.03009152913737,4.20279206465834
Croatia,2011,1457.0,2722.0,4289857.0,11470.0,56594.0,355.0,,339.6383609057365,535268.185157972,0.048096971410396865,75.80056189702088,4.213813372520206
Croatia,2012,1080.0,2722.0,4275984.0,11270.0,56594.0,339.0,,252.5734427444069,396767.0830271859,0.048096971410396865,75.55542990423012,4.140337986774431
Croatia,2013,935.0,2722.0,4247803.0,11340.0,56594.0,343.0,1.3688023999999999,220.1137858794299,343497.4283614989,0.048096971410396865,75.05747959147612,4.166054371785452
Croatia,2014,917.0,2604.0,4217632.0,11370.0,56594.0,353.0,1.3820991836734693,217.42058102745807,352150.5376344086,0.046011944729123226,74.52436654062268,4.3663594470046085
Croatia,2015,941.0,2604.0,4180915.0,11760.0,56594.0,363.0,1.2594518367346939,225.07034943307863,361367.12749615975,0.046011944729123226,73.87558751811146,4.516129032258065
Croatia,2016,827.0,2604.0,4131115.0,12320.0,56594.0,381.0,1.1834938,200.18808481487443,317588.32565284177,0.046011944729123226,72.99563557974344,4.731182795698925
Croatia,2017,736.0,2604.0,4078769.0,12910.0,56594.0,398.0,1.2665072000000002,180.44660043263053,282642.089093702,0.046011944729123226,72.07069654026928,4.957757296466974
Croatia,2018,747.0,2604.0,4014341.0,13460.0,56594.0,420.0,1.3556758,186.08284647467667,286866.3594470046,0.046011944729123226,70.93227197229388,5.168970814132105
Croatia,2019,724.0,2617.0,3968676.0,14020.0,56594.0,439.0,1.340548163265306,182.42859835370788,276652.65571264806,0.046241651058416086,70.12538431635862,5.357279327474207
Croatia,2020,448.0,2617.0,3933511.0,12980.0,56594.0,449.0,1.2038004,113.89316058859376,171188.3836453955,0.046241651058416086,69.50402869562144,4.95987772258311
Croatia,2021,538.0,2617.0,3893026.0,14750.0,56594.0,465.0,1.406976530612245,138.19584045932393,205578.90714558656,0.046241651058416086,68.78867017705058,5.636224684753534
Croatia,2022,812.0,2617.0,3862305.0,15900.0,56594.0,478.0,1.6045325490196078,210.23715113125454,310278.9453572793,0.046241651058416086,68.24583878149627,6.07565915170042
Croatia,2023,1142.0,2617.0,3850894.0,16490.0,56594.0,495.0,1.4909940384615383,296.55451435432917,436377.53152464656,0.046241651058416086,68.04420963353006,6.3011081390905614
Croatia,2024,1148.0,2617.0,3861967.0,17060.0,56594.0,513.0,1.536264150943396,297.25784813800846,438670.23309132596,0.046241651058416086,68.23986641693466,6.518914787925105
Czechia,2004,6580.0,9612.0,10195347.0,15250.0,78868.0,374.0,,645.3924520666143,684560.9654598419,0.1218745245219861,129.27102246792109,1.5865584685809404
Czechia,2005,6667.0,9614.0,10198855.0,16180.0,78868.0,387.0,0.9535804081632653,653.7008321032116,693467.8593717496,0.12189988334939392,129.3155018511944,1.682962346577907
Czechia,2006,6922.0,9597.0,10223577.0,17200.0,78868.0,401.0,1.0474738775510204,677.0624410614797,721267.0626237366,0.12168433331642745,129.62896231678246,1.7922267375221423
Czechia,2007,6898.0,9588.0,10254233.0,18050.0,78868.0,414.0,1.0639034693877552,672.697801971147,719440.9678765123,0.12157021859309225,130.01766242328955,1.8825615352523988
Czechia,2008,6773.0,9586.0,10343422.0,18330.0,78868.0,424.0,1.2316148979591837,654.8123048639029,706551.2205299395,0.12154485976568444,131.1485266521276,1.912163571875652
Czechia,2009,6472.0,9578.0,10425783.0,17350.0,78868.0,424.0,1.0322018,620.7687230781611,675715.1806222594,0.12144342445605315,132.19281584419537,1.8114428899561494
Czechia,2010,6559.0,9568.0,10462088.0,17770.0,78868.0,429.0,1.2546514285714285,626.9303030140828,685514.2140468227,0.12131663031901405,132.65314195871582,1.857232441471572
Czechia,2011,6669.0,9572.0,10486731.0,18120.0,78868.0,436.0,1.4070151020408164,635.946511834813,696719.5988299206,0.12136734797382968,132.9656007506213,1.893021312160468
Czechia,2012,7196.0,9570.0,10505445.0,17970.0,78868.0,448.0,1.4628981632653062,684.9781232494197,751933.1243469175,0.12134198914642187,133.20288329867626,1.8777429467084639
Czechia,2013,7512.0,9560.0,10516125.0,17970.0,78868.0,450.0,1.3955702040816327,714.3315622436971,785774.0585774059,0.12121519500938277,133.33829943703404,1.8797071129707112
Czechia,2014,7644.0,9559.0,10512419.0,18370.0,78868.0,459.0,1.317671224489796,727.1399665481371,799665.2369494718,0.12120251559567885,133.29130952984735,1.9217491369390103
Czechia,2015,8125.0,9566.0,10538275.0,19270.0,78868.0,485.0,1.1541879591836735,770.9990487057892,849362.32490069,0.12129127149160623,133.61914845057564,2.0144260924106208
Czechia,2016,8738.0,9564.0,10553843.0,19760.0,78868.0,502.0,1.058425,827.9448538319169,913634.4625679632,0.12126591266419841,133.8165415631181,2.0660811375993307
Czechia,2017,9403.0,9567.0,10578820.0,20760.0,78868.0,522.0,1.15092,888.8514976150459,982857.7401484268,0.12130395090531014,134.13323527920068,2.1699592348698653
Czechia,2018,10220.0,9572.0,10610055.0,21320.0,78868.0,540.0,1.2527136,963.2372310982365,1067697.4508984538,0.12136734797382968,134.52927676624233,2.2273297116590056
Czechia,2019,10856.0,9562.0,10649800.0,22050.0,78868.0,554.0,1.2418142857142858,1019.3618659505343,1135327.3373771177,0.12124055383679058,135.03322006390425,2.3060029282576866
Czechia,2020,6623.0,9542.0,10693939.0,20980.0,78868.0,576.0,1.0678868,619.3227771357215,694089.2894571369,0.12098696556271238,135.59287670538114,2.1987004820792286
Czechia,2021,6752.0,9523.0,10494836.0,21830.0,78868.0,579.0,1.2819434693877552,643.3640316056392,709020.2667226715,0.12074605670233808,133.0683673986915,2.2923448493121916
Czechia,2022,9394.0,9521.0,10516707.0,21910.0,78868.0,582.0,1.6959911764705882,893.2453856516113,986661.0650141792,0.12072069787493027,133.3456788558097,2.3012288625144417
Czechia,2023,9996.0,9514.0,10827529.0,21680.0,78868.0,597.0,1.5741259615384615,923.2023299129469,1050662.182047509,0.12063194197900289,137.28671958208653,2.2787471095228087
Czechia,2024,10294.0,9514.0,10900555.0,21950.0,78868.0,608.0,1.487989602678209,944.3555855642213,1081984.4439772966,0.12063194197900289,138.21264644722828,2.3071263401303344
Denmark,2004,5921.0,2646.0,5397640.0,48770.0,42924.0,350.0,,1096.9608940203495,2237717.3091458804,0.06164383561643835,125.74876525952847,18.43159486016629
Denmark,2005,5961.0,2646.0,5411405.0,49780.0,42924.0,353.0,1.2116324489795918,1101.5623484104406,2252834.4671201813,0.06164383561643835,126.06944832727612,18.813303099017386
Denmark,2006,6097.0,2646.0,5427459.0,51510.0,42924.0,371.0,1.2792567346938775,1123.3617794256945,2304232.804232804,0.06164383561643835,126.44345820519989,19.467120181405896
Denmark,2007,6163.0,2606.0,5447084.0,51790.0,42924.0,378.0,1.3044885714285714,1131.4310555886416,2364927.0913277054,0.06071195601528283,126.90066163451682,19.873369148119725
Denmark,2008,6267.0,2606.0,5475791.0,51270.0,42924.0,381.0,1.387209387755102,1144.4921838689606,2404834.9961627014,0.06071195601528283,127.56944832727612,19.673829623944744
Denmark,2009,6161.0,2606.0,5511451.0,48460.0,42924.0,383.0,1.2810301999999998,1117.854445226856,2364159.63161934,0.06071195601528283,128.40021899170628,18.59554873369148
Denmark,2010,6341.0,2606.0,5534738.0,49010.0,42924.0,389.0,1.4409142857142856,1145.6730201140506,2433231.005372218,0.06071195601528283,128.942735998509,18.806600153491942
Denmark,2011,6605.0,2615.0,5560628.0,49440.0,42924.0,394.0,1.6102555102040816,1187.8154769569192,2525812.619502868,0.06092162892554282,129.54589507035692,18.906309751434033
Denmark,2012,6744.0,2615.0,5580516.0,49260.0,42924.0,399.0,1.7002977551020406,1208.4903976621517,2578967.4952198854,0.06092162892554282,130.00922560805145,18.837476099426386
Denmark,2013,6785.0,2615.0,5602628.0,49750.0,42924.0,405.0,1.6770614000000001,1211.0388196396405,2594646.2715105163,0.06092162892554282,130.52436865157023,19.02485659655832
Denmark,2014,6513.0,2612.0,5627235.0,50110.0,42924.0,410.0,1.6463885714285715,1157.4067903686268,2493491.5773353754,0.060851737955456155,131.09763768521108,19.184532924961715
Denmark,2015,6507.0,2552.0,5659715.0,50810.0,42924.0,419.0,1.5021897959183672,1149.7045345922895,2549764.8902821317,0.05945391855372286,131.85432392134936,19.90987460815047
Denmark,2016,6332.0,2539.0,5707251.0,51950.0,42924.0,429.0,1.4134422,1109.4658356536272,2493895.23434423,0.05915105768334731,132.9617696393626,20.460811343048444
Denmark,2017,6280.0,2481.0,5748769.0,53200.0,42924.0,438.0,1.4959422,1092.4077833010858,2531237.4042724706,0.05779983226167179,133.92901407138197,21.442966545747684
Denmark,2018,6182.0,2481.0,5781190.0,53920.0,42924.0,447.0,1.5922999999999998,1069.330016830445,2491737.2027408304,0.05779983226167179,134.68432578510857,21.73317210802096
Denmark,2019,6174.0,2536.0,5806081.0,54630.0,42924.0,455.0,1.6078091836734694,1063.367872408256,2434542.5867507886,0.05908116671326065,135.26421116391762,21.54179810725552
Denmark,2020,3940.0,2485.0,5822763.0,53540.0,42924.0,466.0,1.4491033999999998,676.6547084262231,1585513.078470825,0.05789302022178734,135.65285155157954,21.54527162977867
Denmark,2021,4181.0,2485.0,5840045.0,56780.0,42924.0,475.0,1.6712206122448978,715.919141034016,1682494.9698189134,0.05789302022178734,136.05547013325878,22.849094567404425
Denmark,2022,5822.0,2448.0,5873420.0,56530.0,42924.0,472.0,2.088567843137255,991.2453051203557,2378267.9738562093,0.05703103159071848,136.83300717547291,23.09232026143791
Denmark,2023,6031.0,2448.0,5932654.0,56770.0,42924.0,474.0,1.9747351923076921,1016.5770665203129,2463643.790849673,0.05703103159071848,138.2129810828441,23.190359477124183
Denmark,2024,6481.0,2448.0,5961249.0,58670.0,42924.0,478.0,1.9974811726665533,1087.1882721221677,2647467.320261438,0.05703103159071848,138.87915851272015,23.966503267973856
Estonia,2004,193.0,959.0,1366250.0,13980.0,45227.0,347.0,,141.26258005489478,201251.30344108446,0.021204147964711345,30.208724876732926,14.577685088633993
Estonia,2005,248.0,1055.0,1358850.0,15400.0,45227.0,366.0,0.7976869387755102,182.50726717444897,235071.09004739337,0.02332677382979194,30.045105799632964,14.597156398104266
Estonia,2006,257.0,1196.0,1350700.0,17010.0,45227.0,413.0,0.8671183673469387,190.27171096468498,214882.9431438127,0.02644438056912906,29.864903707962057,14.222408026755852
Estonia,2007,274.0,1200.0,1342920.0,18400.0,45227.0,391.0,0.8799930612244897,204.03300271051143,228333.33333333334,0.02653282331350742,29.692882570146153,15.333333333333334
Estonia,2008,274.0,1196.0,1338440.0,17510.0,45227.0,413.0,1.0495228571428572,204.71593795762232,229096.98996655518,0.02644438056912906,29.59382669644239,14.64046822742475
Estonia,2009,249.0,1196.0,1335740.0,14980.0,45227.0,409.0,0.9246460000000001,186.4135235899202,208193.97993311036,0.02644438056912906,29.534127843986997,12.525083612040135
Estonia,2010,247.0,1196.0,1333290.0,15380.0,45227.0,416.0,1.1097244897959184,185.25602082067667,206521.73913043478,0.02644438056912906,29.479956663055255,12.85953177257525
Estonia,2011,243.0,1196.0,1329660.0,16590.0,45227.0,433.0,1.2383061224489795,182.75348585352646,203177.2575250836,0.02644438056912906,29.399694872531896,13.87123745819398
Estonia,2012,235.0,1196.0,1325217.0,17260.0,45227.0,456.0,1.3611836734693876,177.329448686517,196488.29431438126,0.02644438056912906,29.301457094213635,14.431438127090301
Estonia,2013,223.0,1166.0,1320169.0,17630.0,45227.0,478.0,1.3110612244897961,168.91776734645336,191252.14408233276,0.025781059986291373,29.189842350808146,15.120068610634648
Estonia,2014,280.0,1166.0,1315819.0,18280.0,45227.0,497.0,1.2751428571428571,212.7952248751538,240137.22126929674,0.025781059986291373,29.09366086629668,15.677530017152659
Estonia,2015,286.0,1164.0,1313271.0,18650.0,45227.0,514.0,1.1081632653061224,217.77683357052734,245704.46735395188,0.025736838614102194,29.03732283812767,16.022336769759452
Estonia,2016,316.0,1161.0,1315944.0,19190.0,45227.0,534.0,1.05862,240.13179892153465,272179.15590008616,0.02567050655581843,29.096424702058506,16.52885443583118
Estonia,2017,366.0,1161.0,1315635.0,20270.0,45227.0,550.0,1.18536,278.19265981826265,315245.4780361757,0.02567050655581843,29.089592500055275,17.459086993970715
Estonia,2018,417.0,1161.0,1319133.0,20970.0,45227.0,563.0,1.33234,316.11672211975593,359173.1266149871,0.02567050655581843,29.166935680014152,18.06201550387597
Estonia,2019,392.0,1167.0,1324820.0,21650.0,45227.0,598.0,1.339204081632653,295.8892528796365,335904.0274207369,0.025803170672385963,29.292679151834083,18.55184233076264
Estonia,2020,263.0,1167.0,1328889.0,20960.0,45227.0,608.0,1.25316,197.9096824490232,225364.18166238218,0.025803170672385963,29.382647533552966,17.960582690659812
Estonia,2021,290.0,1167.0,1330068.0,22670.0,45227.0,620.0,1.4264897959183673,218.0339651807276,248500.42844901458,0.025803170672385963,29.408716032458486,19.425878320479864
Estonia,2022,382.0,1175.0,1331796.0,22370.0,45227.0,622.0,1.851137254901961,286.83071581533505,325106.3829787234,0.02598005616114268,29.446923298029937,19.038297872340426
Estonia,2023,408.0,1171.0,1365884.0,21210.0,45227.0,630.0,1.716596153846154,298.7076501372005,348420.1537147737,0.025891613416764322,30.200632365622305,18.11272416737831
Estonia,2024,385.0,1171.0,1374687.0,21060.0,45227.0,635.0,1.6737735849056603,280.0637526942497,328778.82152006833,0.025891613416764322,30.395272735312975,17.98462852263023
Finland,2004,3352.0,5741.0,5219732.0,39720.0,338440.0,448.0,,642.1785639569234,583870.4058526389,0.016963124926131664,15.422916912894458,6.918655286535447
Finland,2005,3478.0,5732.0,5236611.0,40680.0,338440.0,462.0,1.2169655102040817,664.1700137741757,606769.0160502442,0.016936532324784304,15.472789859354686,7.096999302163294
Finland,2006,3540.0,5905.0,5255580.0,42150.0,338440.0,475.0,1.287404693877551,673.5698058064,599491.9559695174,0.017447701217350196,15.52883819879447,7.1380186282811176
Finland,2007,3778.0,5899.0,5276955.0,44210.0,338440.0,485.0,1.2983773469387756,715.94319072268,640447.5334802509,0.017429972816451957,15.591995626994445,7.494490591625699
Finland,2008,4052.0,5919.0,5300484.0,44350.0,338440.0,507.0,1.4456232653061223,764.4584909604481,684575.097144788,0.01748906748611275,15.661517551116889,7.492819733063017
Finland,2009,3876.0,5919.0,5326314.0,40570.0,338440.0,519.0,1.2772444,727.7077543682178,654840.3446528129,0.01748906748611275,15.737838316983808,6.854198344314918
Finland,2010,3959.0,5919.0,5351427.0,41660.0,338440.0,535.0,1.4260102040816327,739.8026731935239,668862.9836120966,0.01748906748611275,15.812040538943387,7.038351072816354
Finland,2011,3882.0,5944.0,5375276.0,42460.0,338440.0,551.0,1.5597993877551022,722.1954742416948,653095.5585464333,0.017562935823188748,15.882507977780405,7.143337819650068
Finland,2012,4035.0,5944.0,5401267.0,41620.0,338440.0,560.0,1.670734693877551,747.0469428746995,678835.800807537,0.017562935823188748,15.959304455738092,7.0020188425302825
Finland,2013,4053.0,5944.0,5426674.0,41020.0,338440.0,570.0,1.64302,746.866312588521,681864.064602961,0.017562935823188748,16.034375369341685,6.901076716016151
Finland,2014,3874.0,5944.0,5451270.0,40650.0,338440.0,580.0,1.6073265306122448,710.6600847142042,651749.6635262449,0.017562935823188748,16.107049994090534,6.8388290713324364
Finland,2015,4114.0,5923.0,5471753.0,40700.0,338440.0,590.0,1.4680816326530615,751.8614235693753,694580.4490967415,0.017500886420044912,16.167571800023637,6.871517811919635
Finland,2016,3868.0,5926.0,5487308.0,41640.0,338440.0,604.0,1.38084,704.8993787117472,652716.841039487,0.017509750620494032,16.213532679352323,7.026662166722916
Finland,2017,4271.0,5926.0,5503297.0,42910.0,338440.0,617.0,1.46432,776.080229724109,720722.2409719878,0.017509750620494032,16.260775913012647,7.240971987850152
Finland,2018,4535.0,5926.0,5513130.0,43360.0,338440.0,629.0,1.52234,822.5817276211517,765271.6841039486,0.017509750620494032,16.289829807351378,7.316908538643267
Finland,2019,4924.0,5923.0,5517919.0,43910.0,338440.0,642.0,1.5240816326530613,892.3654007969309,831335.4718892453,0.017500886420044912,16.303980026001653,7.413472902245483
Finland,2020,2820.0,5918.0,5525292.0,42740.0,338440.0,652.0,1.41178,510.38026587554106,476512.33524839475,0.017486112752629714,16.325765275972106,7.222034471105103
Finland,2021,2903.0,5918.0,5533793.0,43800.0,338440.0,656.0,1.6736122448979593,524.5949749114216,490537.343697195,0.017486112752629714,16.35088346531143,7.401149036836769
Finland,2022,4572.0,5918.0,5548241.0,44010.0,338440.0,660.0,2.1086274509803924,824.0449540674242,772558.2967218655,0.017486112752629714,16.39357345467439,7.4366339979722875
Finland,2023,5199.0,5915.0,5563970.0,43280.0,338440.0,664.0,1.929230769230769,934.4047505647945,878951.8174133559,0.017477248552180594,16.44004845762912,7.316990701606086
Finland,2024,5436.0,5915.0,5603851.0,43330.0,338440.0,666.0,1.8016415094339622,970.0472050381069,919019.4420963652,0.017477248552180594,16.557886183666234,7.325443786982248
France,2004,74359.0,31033.0,62292241.0,33300.0,633186.6,476.0,,1193.712070817937,2396126.7038314054,0.04901082871936962,98.37896285234085,1.0730512680050268
France,2005,76884.0,31024.0,62772870.0,33680.0,633186.6,476.0,1.1626544897959183,1224.7966358715157,2478210.4177411036,0.04899661489993629,99.13802661016516,1.0856111397627644
France,2006,79809.0,31036.0,63229635.0,34360.0,633186.6,478.0,1.2384579591836735,1262.2087728325491,2571497.6156721227,0.04901556665918072,99.85940163610537,1.1071014305967264
France,2007,81961.0,31307.0,63645065.0,35010.0,633186.6,480.0,1.2741457142857142,1287.7824855705624,2617976.8102980163,0.049443560555450794,100.51549574801489,1.1182802568115757
France,2008,86516.0,31194.0,64007193.0,34960.0,633186.6,483.0,1.365462857142857,1351.660586021949,2773482.079887158,0.04926509815589907,101.08740930398717,1.1207283451945886
France,2009,88610.0,31092.0,64350226.0,33800.0,633186.6,486.0,1.209292,1376.9959409311166,2849929.24224881,0.0491040082023214,101.62916587306175,1.087096359192075
France,2010,102167.0,30488.0,64658856.0,34310.0,633186.6,538.0,1.342614081632653,1580.0929110159327,3351056.153240619,0.04815010298701836,102.11658932769582,1.1253607976908948
France,2011,105596.0,30557.0,64978721.0,34990.0,633186.6,540.0,1.4981204081632653,1625.0858492582518,3455705.730274569,0.04825907560267384,102.62175636692248,1.1450731419969238
France,2012,91205.0,30966.0,65276983.0,34880.0,633186.6,542.0,1.566415918367347,1397.1999900791984,2945327.1329845637,0.048905014730254874,103.09280550156937,1.1263966931473228
France,2013,90485.0,30703.0,65600350.0,34990.0,633186.6,546.0,1.538434,1379.3371529267756,2947106.14597922,0.04848965534014776,103.60350329586886,1.1396280493762825
France,2014,89499.0,29720.0,66165980.0,35150.0,633186.6,551.0,1.4919118367346937,1352.6437604339874,3011406.4602960967,0.046937190395374764,104.49681026098784,1.1827052489905787
France,2015,91377.0,29193.0,66458153.0,35370.0,633186.6,558.0,1.356370612244898,1374.955455051542,3130099.68143048,0.04610489230189015,104.95824295713145,1.211591819956839
France,2016,91832.0,28749.0,66638391.0,35540.0,633186.6,564.0,1.3011674,1378.0644853805068,3194267.626700059,0.0454036772098462,105.24289522235625,1.2362169118925876
France,2017,92331.0,29164.0,66809816.0,36140.0,633186.6,569.0,1.375376,1381.9975196459154,3165923.741599232,0.046059092217049444,105.5136289997293,1.2391990124811412
France,2018,89186.0,28638.0,67026224.0,36570.0,633186.6,568.0,1.5071972,1330.6135222536182,3114253.788672393,0.04522837343683521,105.85540502594338,1.2769746490676723
France,2019,93504.0,28527.0,67290471.0,37160.0,633186.6,569.0,1.5049191836734694,1389.5578171833572,3277736.8808497214,0.04505306966382422,106.27273381969866,1.3026255827812248
France,2020,53926.0,28277.0,67473651.0,34230.0,633186.6,568.0,1.356537,799.2156819852538,1907062.2767620326,0.044658241346231906,106.56203242456489,1.2105244545036602
France,2021,70481.0,28121.0,67728568.0,36460.0,633186.6,570.0,1.5529438775510205,1040.639158353385,2506347.569432097,0.04441186847605429,106.96462622550762,1.2965399523487784
France,2022,95635.0,28009.0,68091703.0,37280.0,633186.6,569.0,1.8089168627450982,1404.5029832783005,3414438.2162876218,0.04423498538977294,107.53813014994317,1.331000749759006
France,2023,101316.0,28000.0,68277210.0,37730.0,633186.6,573.0,1.8807605769230769,1483.8919164974668,3618428.5714285714,0.044220771570339615,107.83110381678955,1.3475
France,2024,107346.0,27564.0,68669303.0,38180.0,633186.6,577.0,1.8208333962264152,1563.2312446800283,3894427.51414889,0.04353219098445861,108.45034149490846,1.3851400377303729
Germany,2004,75903.0,40202.0,82531671.0,35400.0,357376.0,550.0,,919.6833055761103,1888040.396000199,0.11249216511461319,230.93792252417623,0.8805532063081438
Germany,2005,74944.0,38206.0,82500849.0,35770.0,357376.0,559.0,1.2216826530612246,908.4027729217671,1961576.7156991048,0.10690701110315186,230.85167722510744,0.936240381091975
Germany,2006,78735.0,38206.0,82437995.0,37230.0,357376.0,566.0,1.2833436734693877,955.0814524297929,2060801.968277234,0.10690701110315186,230.67580083721347,0.97445427419777
Germany,2007,79098.0,38005.0,82314906.0,38390.0,357376.0,501.0,1.3354469387755101,960.9195204572061,2081252.4667806868,0.10634457825931232,230.33137647743553,1.0101302460202606
Germany,2008,82428.0,37798.0,82217837.0,38840.0,357376.0,504.0,1.3933520408163265,1002.5561728168548,2180750.304248902,0.10576535637535817,230.05976058828796,1.0275675961691095
Germany,2009,81206.0,37934.0,82002356.0,36810.0,357376.0,510.0,1.26202,990.2886204879284,2140718.089313017,0.10614590795128939,229.4568073961318,0.9703695892866557
Germany,2010,82837.0,38750.0,81802257.0,38430.0,357376.0,527.0,1.3910510204081634,1012.6493209105465,2137729.0322580645,0.10842921740687679,228.8968957064828,0.991741935483871
Germany,2011,89316.0,38712.0,80222065.0,39880.0,357376.0,534.0,1.526938775510204,1113.3595227198402,2307191.5685058897,0.10832288681948424,224.475244560351,1.0301715230419508
Germany,2012,93918.0,38648.0,80327900.0,40010.0,357376.0,539.0,1.6512653061224492,1169.182811949522,2430086.938522045,0.10814380372492836,224.771389237106,1.0352411509004347
Germany,2013,89450.0,38653.801,80523746.0,40100.0,357376.0,543.0,1.6025200000000002,1110.8524434518981,2314132.0565084917,0.10816003592854584,225.3194002954871,1.0374141471882674
Germany,2014,90978.0,38658.765,80767463.0,40850.0,357376.0,547.0,1.5431632653061222,1126.4189392701364,2353360.2276223777,0.10817392606106734,226.00136271042263,1.0566814537401803
Germany,2015,91050.0,38630.502,81197537.0,41230.0,357376.0,548.0,1.3970408163265307,1121.3394317613354,2356945.8144758255,0.10809484128760745,227.204784316798,1.0672913336720293
Germany,2016,95465.0,38696.542,82175684.0,41880.0,357376.0,555.0,1.30542,1161.7183496762862,2467016.3034206,0.1082796326558023,229.94180918696276,1.0822672475488895
Germany,2017,95529.0,38802.643,82521653.0,42960.0,357376.0,561.0,1.37388,1157.623442177049,2461919.9264338776,0.10857652164666905,230.90989042353152,1.1071410779930637
Germany,2018,98161.0,38994.798,82792351.0,43390.0,357376.0,567.0,1.4428,1185.6288511483385,2517284.4849715596,0.10911420464720631,231.6673503536891,1.1127125212957891
Germany,2019,100252.0,39068.117,83019213.0,43790.0,357376.0,574.0,1.416326530612245,1207.575889691944,2566082.2096954407,0.10931936391923353,232.30214955676934,1.1208628253058626
Germany,2020,57787.0,38799.773,83166711.0,42020.0,357376.0,580.0,1.2885999999999997,694.8332969425712,1489364.3836524507,0.10856849088914756,232.71487452990687,1.0829960268066516
Germany,2021,57518.0,38783.143,83155031.0,43730.0,357376.0,583.0,1.5828979591836734,691.6959720693268,1483067.0118716268,0.10852195726629656,232.68219186515043,1.1275517303999834
Greece,2004,1668.0,2449.0,10940369.0,19420.0,132049.0,371.0,,152.46286482658857,681094.3242139649,0.018546145748926535,82.85082810168953,7.929767251939567
Greece,2005,1854.0,2576.0,10969912.0,19590.0,132049.0,391.0,0.891795918367347,169.00773679861788,719720.4968944099,0.019507909942521336,83.07455565736961,7.604813664596273
Greece,2006,1811.0,2509.0,11004716.0,20790.0,132049.0,412.0,0.9782857142857143,164.56580978555013,721801.5145476286,0.019000522533302033,83.33812448409303,8.286169788760462
Greece,2007,1930.0,2551.0,11036008.0,21470.0,132049.0,434.0,1.0119795918367347,174.88207692491704,756566.0525284202,0.01931858628236488,83.57509712303766,8.416307330458643
Greece,2008,1657.0,2552.0,11060937.0,21420.0,132049.0,453.0,1.1280204081632654,149.8064766122436,649294.670846395,0.019326159228771136,83.76388310399928,8.393416927899686
Greece,2009,1467.0,2552.0,11094745.0,20490.0,132049.0,462.0,0.99616,132.22476046092092,574843.2601880878,0.019326159228771136,84.01990927610206,8.028996865203762
Greece,2010,1383.0,2552.0,11119289.0,19300.0,132049.0,469.0,1.4298163265306123,124.37845621244308,541927.8996865203,0.019326159228771136,84.20577967269726,7.56269592476489
Greece,2011,958.0,2554.0,11104899.0,17420.0,132049.0,469.0,1.6665714285714286,86.26823170566432,375097.885669538,0.019341305121583656,84.0968049739112,6.820673453406421
Greece,2012,832.0,2554.0,11072725.0,16050.0,132049.0,470.0,1.7497755102040817,75.13958849334739,325763.50822239625,0.019341305121583656,83.85315299623625,6.284259984338293
Greece,2013,1056.0,2586.0,10980006.0,15800.0,132049.0,470.0,1.6926734693877552,96.17481083343671,408352.6682134571,0.01958363940658392,83.15099697839439,6.109822119102861
Greece,2014,1072.0,2238.0,10894294.0,16030.0,132049.0,472.0,1.653061224489796,98.40013496973737,478999.10634495085,0.016948254057206038,82.50190459602118,7.162645218945487
Greece,2015,1263.0,2240.0,10818041.0,16100.0,132049.0,476.0,1.4805714285714286,116.74941886428421,563839.2857142857,0.016963399950018554,81.92444471370476,7.1875
Greece,2016,1192.0,2240.0,10735415.0,16160.0,132049.0,482.0,1.39374,111.03436616097282,532142.8571428572,0.016963399950018554,81.29872244394126,7.214285714285714
Greece,2017,1112.0,2240.0,10707527.0,16430.0,132049.0,491.0,1.5109199999999998,103.85217800524808,496428.5714285714,0.016963399950018554,81.08752811456354,7.334821428571429
Greece,2018,1104.0,2293.0,10667336.0,16810.0,132049.0,497.0,1.5969,103.49350578251214,481465.32926297426,0.017364766109550244,80.78316382554961,7.331007413868295
Greece,2019,1252.0,2280.0,10635213.0,17210.0,132049.0,509.0,1.5857142857142859,117.72213682979363,549122.8070175438,0.017266317806268885,80.53989806814137,7.548245614035087
Greece,2020,640.0,2345.0,10612591.0,15660.0,132049.0,520.0,1.44518,60.30572552923221,272921.10874200426,0.017758559322675675,80.368582874539,6.678038379530917
Greece,2021,653.0,2339.0,10555344.0,17110.0,132049.0,536.0,1.646204081632653,61.86439778750934,279179.1363830697,0.017713121644238123,79.93505441161993,7.315091919623771
Greece,2022,1117.0,1990.0,10461627.0,18160.0,132049.0,550.0,2.0511764705882354,106.77115519412038,561306.5326633166,0.015070163348453984,79.22534059326462,9.125628140703517
Greece,2023,673.0,1822.0,10401868.0,18600.0,132049.0,566.0,1.9020192307692307,64.69991736099708,369374.3139407245,0.013797908352202591,78.77278888897304,10.208562019758507
Greece,2024,727.0,1818.0,10375764.0,19020.0,132049.0,581.0,1.8548490566037736,70.06712951451094,399889.9889988999,0.013767616566577559,78.57510469598407,10.462046204620462
Hungary,2004,10406.0,7685.0,10116742.0,10570.0,93011.0,280.0,,1028.5920111435084,1354066.3630448927,0.0826246357957661,108.7693068561783,1.3754066363044892
Hungary,2005,9714.0,7685.0,10097549.0,11050.0,93011.0,287.0,1.0507422448979593,962.01563369487,1264020.8197787898,0.0826246357957661,108.56295491931061,1.4378659726740404
Hungary,2006,9524.0,8135.0,10076581.0,11500.0,93011.0,319.0,1.0489961224489797,945.1618559906381,1170743.7000614628,0.08746277322037178,108.337519218157,1.4136447449293177
Hungary,2007,8752.0,7808.0,10066158.0,11550.0,93011.0,325.0,1.100604081632653,869.4479065399132,1120901.6393442622,0.08394706002515831,108.22545720398662,1.4792520491803278
Hungary,2008,8291.0,7813.0,10045401.0,11690.0,93011.0,305.0,1.179477142857143,825.3528156815244,1061180.0844745936,0.08400081710765393,108.00229005171431,1.4962242416485345
Hungary,2009,8004.0,7390.0,10030975.0,10920.0,93011.0,301.0,0.9988938,797.9284167291813,1083085.250338295,0.07945296792852459,107.84719011729796,1.4776725304465494
Hungary,2010,7653.0,7352.0,10014324.0,11060.0,93011.0,299.0,1.2227826530612245,764.2053522534322,1040941.2404787813,0.07904441410155788,107.66816828117105,1.5043525571273122
Hungary,2011,7763.0,7486.5,9985722.0,11300.0,93011.0,299.0,1.3720989795918368,777.4099859779793,1036933.1463300608,0.08049047962069003,107.36065626646311,1.5093835570693916
Hungary,2012,7769.0,7486.2,9931925.0,11220.0,93011.0,301.0,1.479315918367347,782.2249966647956,1037776.1748283509,0.0804872541957403,106.78226231305975,1.4987577141941173
Hungary,2013,7806.0,7356.7,9895250.0,11490.0,93011.0,309.0,1.4079636,788.8633435234077,1061073.57918632,0.07909494575910377,106.38795411295438,1.5618415865809399
Hungary,2014,7710.0,7209.0,9850217.0,12040.0,93011.0,317.0,1.3260777551020408,782.7238729867576,1069496.4627548896,0.07750696154218319,105.90378557374935,1.670134554029685
Hungary,2015,7609.161,7197.0,9815858.0,12530.0,93011.0,327.0,1.1580304081632653,775.1906150231595,1057268.445185494,0.0773779445441937,105.53437765425595,1.7410031957760177
Hungary,2016,7653.455,7811.0,9779652.0,12880.0,93011.0,340.0,1.0690576,782.5897076910303,979830.3674305467,0.08397931427465569,105.14511186848867,1.648956599667136
Hungary,2017,7730.982,7955.0,9739857.0,13460.0,93011.0,357.0,1.1473538,793.7469718497921,971839.3463230672,0.08552751825052951,104.71725924890605,1.6920175989943431
Hungary,2018,7769.56,7732.0,9713655.0,14240.0,93011.0,375.0,1.1972828,799.8595791182619,1004857.7340920848,0.0831299523712249,104.435550633796,1.8416968442834971
Hungary,2019,7751.606,7743.0,9700272.0,14980.0,93011.0,393.0,1.1715461224489796,799.1122310797058,1001111.4555082009,0.08324821795271527,104.29166442678823,1.9346506522019888
Hungary,2020,4854.225,7787.0,9689376.0,14370.0,93011.0,406.0,1.022405,500.98427390989883,623375.4976242456,0.08372128027867672,104.17451699261377,1.845383331193014
Hungary,2021,5435.389,7889.0,9651461.0,15470.0,93011.0,418.0,1.2363522448979591,563.1674831406353,688983.267841298,0.08481792476158734,103.7668770360495,1.9609582963620231
Hungary,2022,8619.592666666667,7907.0,9610403.0,16160.0,93011.0,426.0,1.2895458823529413,896.9023116581758,1090121.7486615237,0.08501145025857157,103.32544537742848,2.043758694827368
Hungary,2023,11803.796333333334,7437.0,9599744.0,16050.0,93011.0,435.0,1.5836482692307692,1229.5949072530823,1587171.7538433957,0.0799582845039834,103.21084602896431,2.1581282775312625
Hungary,2024,14988.0,7437.0,9584627.0,16210.0,93011.0,447.0,1.5334411654461033,1563.7541241824017,2015328.7615974182,0.0799582845039834,103.04831686574707,2.17964232889606
Ireland,2004,1582.0,1834.0,4028851.0,45690.0,69797.0,385.0,,392.6677854306352,862595.4198473282,0.026276200982850266,57.72240927260484,24.912758996728464
Ireland,2005,1781.0,1834.0,4111672.0,47240.0,69797.0,395.0,1.048734693877551,433.15711953677237,971101.4176663031,0.026276200982850266,58.909007550467784,25.757906215921484
Ireland,2006,1872.0,1834.0,4208156.0,48320.0,69797.0,410.0,1.1187551020408164,444.8504285487515,1020719.7382769901,0.026276200982850266,60.29135922747396,26.346782988004364
Ireland,2007,2007.0,1834.0,4340118.0,49380.0,69797.0,422.0,1.1205714285714286,462.4298233366005,1094329.3347873501,0.026276200982850266,62.182013553591126,26.924754634678298
Ireland,2008,1976.0,1835.0,4457765.0,46160.0,69797.0,442.0,1.2367142857142859,443.2714600253715,1076839.2370572207,0.026290528246199693,63.86757310486124,25.155313351498638
Ireland,2009,1683.0,1835.0,4521322.0,43390.0,69797.0,434.0,1.10572,372.2362618720808,917166.21253406,0.026290528246199693,64.7781709815608,23.645776566757494
Ireland,2010,1678.0,1835.0,4549428.0,43920.0,69797.0,426.0,1.3004897959183674,368.83757694373884,914441.416893733,0.026290528246199693,65.18085304525982,23.934604904632153
Ireland,2011,1638.0,1839.0,4570881.0,44450.0,69797.0,428.0,1.4814857142857143,358.35542426066223,890701.4681892333,0.026347837299597405,65.4882158258951,24.170744970092443
Ireland,2012,1578.0,1839.0,4589287.0,44090.0,69797.0,426.0,1.615922244897959,343.8442616467438,858075.0407830343,0.026347837299597405,65.75192343510466,23.974986405655248
Ireland,2013,1569.0,2045.0,4609779.0,44830.0,69797.0,427.0,1.5880978,340.3633883533245,767237.1638141809,0.029299253549579494,66.04551771566113,21.921760391198045
Ireland,2014,1728.0,2045.0,4637852.0,48700.0,69797.0,431.0,1.529854693877551,372.5862748531001,844987.7750611247,0.029299253549579494,66.44772697966961,23.814180929095354
Ireland,2015,1918.0,2045.0,4677627.0,60150.0,69797.0,436.0,1.369,410.036969600184,937897.3105134474,0.029299253549579494,67.0175938793931,29.413202933985332
Ireland,2016,1991.0,2045.0,4726286.0,60160.0,69797.0,438.0,1.2830179999999998,421.2610070571269,973594.1320293399,0.029299253549579494,67.71474418671289,29.418092909535453
Ireland,2017,2122.0,2045.0,4799157.0,65290.0,69797.0,441.0,1.3638,442.16098785682567,1037652.8117359413,0.029299253549579494,68.75878619424904,31.926650366748166
Ireland,2018,2281.0,2045.0,4855733.0,69310.0,69797.0,442.0,1.4378,469.7540000654896,1115403.422982885,0.029299253549579494,69.56936544550625,33.89242053789731
Ireland,2019,2399.0,2045.0,4940311.0,71640.0,69797.0,450.0,1.4032102040816328,485.59695938170694,1173105.1344743276,0.029299253549579494,70.78113672507415,35.0317848410758
Ireland,2020,834.0,2045.0,5012600.0,75620.0,69797.0,452.0,1.291034,166.380720584128,407823.9608801956,0.029299253549579494,71.81684026534091,36.97799511002445
Ireland,2021,870.0,2045.0,5066893.0,87150.0,69797.0,448.0,1.5149940816326528,171.7028561684646,425427.8728606357,0.029299253549579494,72.59471037437139,42.6161369193154
Ireland,2022,1748.0,2045.0,5154277.0,92300.0,69797.0,443.0,1.8506117647058824,339.13582836157235,854767.7261613692,0.029299253549579494,73.84668395489777,45.13447432762836
Ireland,2023,2235.0,2045.0,5271395.0,87630.0,69797.0,449.0,1.6778269230769232,423.9864400220435,1092909.5354523228,0.029299253549579494,75.52466438385603,42.85085574572127
Ireland,2024,2486.0,2045.0,5351681.0,89300.0,69797.0,466.0,1.7484169811320756,464.52694022681845,1215647.9217603912,0.029299253549579494,76.67494304912819,43.66748166259169
Italy,2004,49254.0,15916.0,57611990.0,31790.0,302073.0,587.0,,854.9262054652165,3094621.7642623773,0.052689250611607126,190.72207711381023,1.997361146016587
Italy,2005,50088.0,16225.0,58044368.0,31850.0,302073.0,597.0,1.2199861224489796,862.9260981875107,3087087.8274268103,0.05371218215464474,192.1534463523718,1.963020030816641
Italy,2006,50185.0,16295.0,58288996.0,32290.0,302073.0,606.0,1.2867630612244898,860.9686809496599,3079779.073335379,0.05394391421941054,192.96327708865076,1.9815894446149125
Italy,2007,49780.0,16335.0,58510725.0,32570.0,302073.0,608.0,1.299509387755102,850.7841938379673,3047444.138353229,0.054076332542133856,193.6973016456287,1.9938781756963575
Italy,2008,49524.0,16529.0,59001769.0,31990.0,302073.0,612.0,1.3875367346938776,839.3646637950804,2996188.517151673,0.05471856140734194,195.3228822172124,1.9353862907616917
Italy,2009,48124.0,16686.0,59420592.0,30110.0,302073.0,614.0,1.234138,809.8875891374491,2884094.4504374927,0.05523830332403094,196.70937819666108,1.8045067721443127
Italy,2010,47172.0,16704.0,59690316.0,30440.0,302073.0,619.0,1.363131224489796,790.2789457505971,2823994.252873563,0.055297891569256435,197.60228818861665,1.8223180076628354
Italy,2011,46845.0,16726.0,59948497.0,30550.0,302073.0,625.0,1.5512561224489796,781.4207585554647,2800729.403324166,0.05537072164675426,198.45698556309236,1.826497668300849
Italy,2012,46759.0,16742.0,60105185.0,29510.0,302073.0,621.0,1.788211836734694,777.9528504903528,2792916.0195914465,0.055423688975843585,198.97569461686413,1.7626328992951859
Italy,2013,48739.0,16752.0,60277309.0,28920.0,302073.0,613.0,1.7487510204081633,808.5795601791049,2909443.64851958,0.055456793556524414,199.54550390137484,1.7263610315186246
Italy,2014,49957.0,16722.0,60345917.0,28910.0,302073.0,615.0,1.7162004081632651,827.8439119584511,2987501.495036479,0.05535747981448193,199.77262780850987,1.7288601841884943
Italy,2015,52207.0,16724.0,60295497.0,29210.0,302073.0,621.0,1.5376844897959185,865.8523869535398,3121681.4159292034,0.05536410073061809,199.60571451271713,1.7465917244678306
Italy,2016,52178.0,16788.0,60163712.0,29630.0,302073.0,631.0,1.4432364000000002,867.266966506322,3108053.3714558017,0.0555759700469754,199.16944579621483,1.7649511555873243
Italy,2017,53231.0,16787.0,60066734.0,30160.0,302073.0,643.0,1.5276388,886.1976747395655,3170965.6281646513,0.055572659588907315,198.84840419368828,1.796628343360934
Italy,2018,55493.0,16781.0,59937769.0,30470.0,302073.0,652.0,1.6042421999999998,925.8436028875216,3306894.702341934,0.05555279684049882,198.42147096893797,1.815743996186163
Italy,2019,56586.0,16779.0,59816673.0,30680.0,302073.0,663.0,1.5724161224489794,945.990426448492,3372429.822993027,0.05554617592436265,198.0205877387254,1.8284760712795756
Italy,2020,22269.0,16782.0,59641488.0,28100.0,302073.0,671.0,1.4319975999999999,373.38102630839796,1326957.4544154452,0.0555561072985669,197.44064514206832,1.6744130616136337
Italy,2021,27693.0,16832.0,59236213.0,30760.0,302073.0,675.0,1.6250157142857145,467.5011888420349,1645259.030418251,0.055721630201971045,196.098999248526,1.8274714828897338
Italy,2022,46498.0,16829.0,59030133.0,32310.0,302073.0,682.0,1.813873137254902,787.6993941382447,2762968.685008022,0.0557116988277668,195.4167800498555,1.9199001723215878
Italy,2023,54791.0,16832.0,58997201.0,32630.0,302073.0,694.0,1.8664192307692307,928.7050753475576,3255168.7262357413,0.055721630201971045,195.3077600447574,1.938569391634981
Italy,2024,55872.0,16879.0,58971230.0,32900.0,302073.0,701.0,1.8205828301886793,947.4450507476273,3310148.7054920313,0.05587722173117094,195.2217841382712,1.9491676047159192
Latvia,2004,806.0,2270.0,2276520.0,9240.0,64573.0,305.0,,354.0491627571908,355066.0792951542,0.03515401173865238,35.2549827327211,4.070484581497797
Latvia,2005,889.0,2270.0,2249724.0,10430.0,64573.0,333.0,0.8108120408163265,395.15958402008425,391629.95594713656,0.03515401173865238,34.84001053071717,4.594713656387666
Latvia,2006,986.0,2269.0,2227874.0,11870.0,64573.0,372.0,0.8780061224489796,442.57440052713935,434552.66637285147,0.03513852538986883,34.501633809796665,5.231379462318202
Latvia,2007,975.0,2265.0,2208840.0,13220.0,64573.0,413.0,0.913110612244898,441.40815993915356,430463.5761589404,0.03507657999473464,34.206866647050624,5.836644591611479
Latvia,2008,941.0,2263.0,2191810.0,12900.0,64573.0,431.0,1.0317510204081632,429.3255346038206,415819.70835174544,0.03504560729716755,33.943134127266816,5.700397702165267
Latvia,2009,748.0,1884.0,2162834.0,11020.0,64573.0,426.0,0.958305,345.8425380773559,397027.6008492569,0.02917628110820312,33.49440168491475,5.849256900212314
Latvia,2010,741.0,1897.0,2120504.0,10840.0,64573.0,307.0,1.0863461224489794,349.4452262292361,390616.76331049023,0.029377603642389234,32.83886454090719,5.714285714285714
Latvia,2011,733.0,1865.0,2074605.0,11380.0,64573.0,299.0,1.27885,353.3202706057298,393029.490616622,0.02888204048131572,32.12805661809115,6.101876675603217
Latvia,2012,717.0,1859.0,2044813.0,12360.0,64573.0,305.0,1.4088404081632653,350.64331065970333,385691.231845078,0.028789122388614436,31.66668731513171,6.64873587950511
Latvia,2013,721.0,1859.0,2023825.0,12750.0,64573.0,317.0,1.3514738,356.2560992180648,387842.92630446475,0.028789122388614436,31.34165982686262,6.85852608929532
Latvia,2014,644.0,1860.0,2001468.0,13140.0,64573.0,331.0,1.2919183673469388,321.7638253521915,346236.55913978495,0.028804608737397985,30.995431527108853,7.064516129032258
Latvia,2015,590.0,1860.0,1986096.0,13750.0,64573.0,345.0,1.1294914285714286,297.06519725129095,317204.3010752688,0.028804608737397985,30.757375373608163,7.39247311827957
Latvia,2016,584.0,1859.6,1968957.0,14230.0,64573.0,341.0,1.070633,296.6037348707971,314046.03140460316,0.028798414197884564,30.491954841806947,7.652183265218327
Latvia,2017,596.0,1859.6,1950116.0,14850.0,64573.0,356.0,1.1506856,305.62284499998975,320499.03204990324,0.028798414197884564,30.20017654437613,7.98558829855883
Latvia,2018,624.0,1859.6,1934379.0,15610.0,64573.0,369.0,1.2707892,322.58414716040653,335556.03355560335,0.028798414197884564,29.956467873569448,8.394278339427835
Latvia,2019,643.0,1859.6,1919968.0,15820.0,64573.0,381.0,1.258,334.90141502358375,345773.2845773285,0.028798414197884564,29.733294101249747,8.507205850720586
Latvia,2020,413.0,1859.1,1907675.0,15370.0,64573.0,390.0,1.1444834,216.49389964223465,222150.50293152602,0.02879067102349279,29.5429204156536,8.267441235006187
Latvia,2021,361.0,1859.1,1893223.0,16580.0,64573.0,404.0,1.3378542857142859,190.68012590170306,194179.97956000216,0.02879067102349279,29.319111703033776,8.918293798074338
Latvia,2022,541.0,1864.9,1875757.0,16890.0,64573.0,406.0,1.7780054901960785,288.41688982101624,290095.98369885783,0.028880491846437366,29.04862713518034,9.056785886642714
Latvia,2023,612.0,1830.9,1895239.0,16770.0,64573.0,416.0,1.6421236538461537,322.9144187091971,334261.83844011143,0.028353955987796758,29.350332182181408,9.159429788628543
Latvia,2024,698.0,1830.9,1878575.0,16910.0,64573.0,424.0,1.6306892452830188,371.55822897675097,381233.2732535911,0.028353955987796758,29.092267666052376,9.23589491506909
Lithuania,2004,283.0,1781.8,3398929.0,9080.0,65286.0,392.0,,83.26152149691859,158828.1513076664,0.02729222191587783,52.06214195999142,5.095970367044562
Lithuania,2005,280.0,1771.2,3355220.0,9940.0,65286.0,442.0,0.8293626530612245,83.45205381465298,158084.91418247516,0.027129859387923904,51.392641607695374,5.612014453477868
Lithuania,2006,268.0,1771.2,3289835.0,10850.0,65286.0,490.0,0.9018840816326531,81.46305209835752,151309.84643179766,0.027129859387923904,50.39112520295316,6.125790424570912
Lithuania,2007,246.0,1766.3,3249983.0,12190.0,65286.0,494.0,0.9017322448979592,75.6927036233728,139274.18898261903,0.027054805011794258,49.78070336672487,6.90143237275661
Lithuania,2008,258.0,1765.4,3212605.0,12640.0,65286.0,525.0,1.0388579591836735,80.30865917222938,146142.5172765379,0.027041019514137794,49.20817633183225,7.15985045881953
Lithuania,2009,231.0,1767.6,3183856.0,10880.0,65286.0,540.0,1.0220134,72.55353257182486,130685.67549219281,0.02707471739729804,48.767821585025885,6.155238741796787
Lithuania,2010,244.0,1767.6,3141976.0,11160.0,65286.0,554.0,1.1759044897959183,77.65813615380894,138040.28060647205,0.02707471739729804,48.126336427411694,6.313645621181263
Lithuania,2011,269.0,1767.6,3052588.0,12140.0,65286.0,570.0,1.3190483673469389,88.12194767194262,152183.751980086,0.02707471739729804,46.757160800171555,6.86806969902693
Lithuania,2012,278.0,1767.6,3003641.0,12830.0,65286.0,590.0,1.411941020408163,92.55433655353619,157275.40167458702,0.02707471739729804,46.007428851514874,7.258429508938674
Lithuania,2013,278.0,1767.6,2974637.0,13480.0,65286.0,614.0,1.3758385999999998,93.45678144929953,157275.40167458702,0.02707471739729804,45.56316821370585,7.626159764652637
Lithuania,2014,270.0,1767.6,2947862.0,14100.0,65286.0,412.0,1.3205108163265307,91.59180450102481,152749.49083503056,0.02707471739729804,45.153049658426,7.976917854718263
Lithuania,2015,262.0,1877.2,2926644.0,14630.0,65286.0,430.0,1.1600551020408163,89.52233343037281,139569.5717025357,0.028753484667463164,44.82804889256502,7.793522267206478
Lithuania,2016,280.0,1911.3,2895573.0,15200.0,65286.0,454.0,1.0636748,96.69934068317393,146497.14853764453,0.029275801856447018,44.352127561804984,7.952702349186418
Lithuania,2017,315.0,1911.3,2859077.0,16090.0,65286.0,480.0,1.1314138,110.17541675162998,164809.29210485012,0.029275801856447018,43.79311031461569,8.41835399989536
Lithuania,2018,354.0,1910.7,2826200.0,17030.0,65286.0,509.0,1.2162214,125.25652820041044,185272.41325168786,0.02926661152467604,43.28952608522501,8.912963835243628
Lithuania,2019,359.0,1910.7,2812200.0,17870.0,65286.0,533.0,1.2013877551020409,127.6580613043169,187889.25524676818,0.02926661152467604,43.075085010568884,9.352593290417124
Lithuania,2020,237.0,1910.8,2809977.0,17890.0,65286.0,557.0,1.0973624,84.34232735712783,124031.8191333473,0.02926814324663787,43.041034831357415,9.362570651036215
Lithuania,2021,287.0,1910.8,2810761.0,19040.0,65286.0,574.0,1.282711224489796,102.10757869488015,150198.86958342057,0.02926814324663787,43.05304353153816,9.9644128113879
Lithuania,2022,382.0,1919.2,2805998.0,19350.0,65286.0,578.0,1.7080682352941177,136.13694664073174,199041.26719466443,0.029396807891431547,42.98008761449621,10.082325969153814
Lithuania,2023,392.0,1924.3,2857279.0,19220.0,65286.0,589.0,1.5201973076923077,137.19346273150083,203710.4401600582,0.02947492571148485,43.765569953741995,9.988047601725302
Lithuania,2024,441.0,1924.3,2885891.0,19690.0,65286.0,598.0,1.4537900000000001,152.8124243084718,229174.24518006548,0.02947492571148485,44.20382624146065,10.232292262121291
Luxembourg,2004,253.0,275.0,454960.0,97390.0,2586.0,648.0,,556.0928433268858,920000.0,0.10634184068058777,175.93194122196442,354.1454545454545
Luxembourg,2005,267.0,275.0,461230.0,98260.0,2586.0,654.0,1.0240408163265307,578.8868894044186,970909.0909090909,0.10634184068058777,178.35653518948183,357.3090909090909
Luxembourg,2006,298.0,275.0,469086.0,102580.0,2586.0,662.0,1.0837755102040816,635.277966087242,1083636.3636363635,0.10634184068058777,181.39443155452437,373.0181818181818
Luxembourg,2007,316.0,275.0,476187.0,109100.0,2586.0,666.0,1.1220204081632652,663.6048443153635,1149090.9090909092,0.10634184068058777,184.1403712296984,396.72727272727275
Luxembourg,2008,345.0,275.0,483799.0,106870.0,2586.0,665.0,1.189313469387755,713.1060626417169,1254545.4545454546,0.10634184068058777,187.08391337973706,388.6181818181818
Luxembourg,2010,347.0,275.0,502066.0,103430.0,2586.0,659.0,1.1566438775510204,691.1441921978385,1261818.1818181819,0.10634184068058777,194.1477184841454,376.1090909090909
Luxembourg,2011,349.0,275.0,511840.0,102120.0,2586.0,658.0,1.2887302040816326,681.8537042825883,1269090.9090909092,0.10634184068058777,197.92730085073472,371.3454545454546
Luxembourg,2012,373.0,275.0,524853.0,101440.0,2586.0,663.0,1.3876595918367345,710.6751795264579,1356363.6363636365,0.10634184068058777,202.95939675174014,368.8727272727273
Luxembourg,2013,394.0,275.0,537039.0,102010.0,2586.0,661.0,1.3364715999999999,733.6524907874475,1432727.2727272727,0.10634184068058777,207.67169373549885,370.94545454545454
Luxembourg,2014,366.0,275.0,549680.0,102250.0,2586.0,662.0,1.2979681632653062,665.8419444040169,1330909.0909090908,0.10634184068058777,212.5599381283836,371.8181818181818
Luxembourg,2015,418.0,275.0,562958.0,102530.0,2586.0,661.0,1.1773473469387754,742.5065457813904,1520000.0,0.10634184068058777,217.69450889404484,372.8363636363636
Luxembourg,2016,417.0,275.0,576249.0,104920.0,2586.0,662.0,1.0906532,723.6455074108588,1516363.6363636365,0.10634184068058777,222.83410672853827,381.5272727272727
Luxembourg,2017,438.0,271.0,590667.0,104020.0,2586.0,670.0,1.15788,741.5345702400845,1616236.1623616237,0.10479505027068832,228.4095127610209,383.8376383763838
Luxembourg,2018,443.0,271.0,602005.0,103640.0,2586.0,676.0,1.22162,735.8742867584157,1634686.3468634686,0.10479505027068832,232.7938901778809,382.43542435424354
Luxembourg,2019,463.0,271.0,613894.0,104310.0,2586.0,681.0,1.2109795918367348,754.2018654686314,1708487.0848708488,0.10479505027068832,237.39133797370457,384.9077490774908
Luxembourg,2020,268.0,271.0,626108.0,102190.0,2586.0,682.0,1.07772,428.04116861627705,988929.889298893,0.10479505027068832,242.11446249033256,377.0848708487085
Luxembourg,2021,304.0,271.0,634730.0,107570.0,2586.0,682.0,1.3314489795918367,478.9438028768138,1121771.2177121772,0.10479505027068832,245.44856921887083,396.9372693726937
Luxembourg,2022,389.0,271.0,645397.0,104100.0,2586.0,673.0,1.676313725490196,602.7297926702479,1435424.3542435425,0.10479505027068832,249.57347254447023,384.1328413284133
Luxembourg,2023,505.0,271.0,660809.0,102250.0,2586.0,675.0,1.5698076923076922,764.2147731038772,1863468.6346863469,0.10479505027068832,255.53325599381284,377.3062730627306
Luxembourg,2024,556.0,271.0,672050.0,101000.0,2586.0,670.0,1.5372641509433962,827.3193958782829,2051660.516605166,0.10479505027068832,259.8801237432328,372.6937269372694
Netherlands,2004,14509.0,2811.0,16258032.0,41420.0,41540.0,429.0,,892.420435634522,5161508.36001423,0.0676697159364468,391.3825710158883,14.734969761650659
Netherlands,2005,15153.0,2810.0,16305526.0,42160.0,41540.0,434.0,1.3532244897959183,929.3168463255954,5392526.6903914595,0.06764564275397207,392.52590274434283,15.00355871886121
Netherlands,2006,15889.0,2797.0,16334210.0,43590.0,41540.0,442.0,1.4147346938775511,972.7437078377221,5680729.3528780835,0.06733269138180067,393.2164179104478,15.584554880228817
Netherlands,2007,16325.0,2801.0,16357992.0,45180.0,41540.0,451.0,1.461208163265306,997.9831265353351,5828275.615851481,0.06742898411169956,393.78892633606165,16.129953588004284
Netherlands,2008,15313.0,2888.0,16405399.0,45960.0,41540.0,457.0,1.5427346938775508,933.4122260604573,5302285.318559557,0.06952335098700048,394.9301636976408,15.914127423822714
Netherlands,2009,15400.0,2896.0,16485787.0,44050.0,41540.0,460.0,1.35148,934.1379941400431,5317679.558011049,0.06971593644679827,396.8653586904189,15.210635359116022
Netherlands,2010,14600.0,3013.0,16574989.0,44400.0,41540.0,464.0,1.4929795918367348,880.8452301235313,4845668.7686691005,0.07253249879634088,399.01273471352914,14.736143378692333
Netherlands,2011,16500.0,3013.0,16655799.0,44980.0,41540.0,470.0,1.6389526530612244,990.6459606050721,5476269.498838367,0.07253249879634088,400.9580885893115,14.92864254895453
Netherlands,2012,16100.0,3013.0,16730348.0,44370.0,41540.0,472.0,1.7604081632653061,962.3230789939337,5343511.450381679,0.07253249879634088,402.75272026961966,14.72618652505808
Netherlands,2013,17700.0,3013.0,16779575.0,44230.0,41540.0,471.0,1.7383000000000002,1054.8538923065692,5874543.64420843,0.07253249879634088,403.93777082330286,14.679721208098242
Netherlands,2014,16200.0,3032.0,16829289.0,44780.0,41540.0,472.0,1.7019032653061223,962.6075112264101,5343007.915567283,0.07298988926336061,405.13454501685123,14.769129287598945
Netherlands,2015,18338.0,3031.0,16900726.0,45530.0,41540.0,477.0,1.5633469387755101,1085.042145526766,6050148.465852854,0.0729658160808859,406.854260953298,15.021445067634444
Netherlands,2016,18531.0,3058.0,16979120.0,46380.0,41540.0,481.0,1.4769999999999999,1091.399318692606,6059843.034663179,0.07361579200770342,408.74145402022145,15.166775670372793
Netherlands,2017,18438.0,3055.0,17081507.0,47390.0,41540.0,487.0,1.55211,1079.4129581189763,6035351.882160393,0.07354357246027925,411.20623495426094,15.51227495908347
Netherlands,2018,18895.0,3040.0,17181084.0,48180.0,41540.0,489.0,1.624512,1099.755987456903,6215460.52631579,0.0731824747231584,413.60337024554644,15.848684210526315
Netherlands,2019,19353.0,3040.0,17282163.0,48970.0,41540.0,493.0,1.6481224489795918,1119.825105225544,6366118.421052632,0.0731824747231584,416.036663456909,16.10855263157895
Netherlands,2020,9164.0,3041.0,17407585.0,46810.0,41540.0,497.0,1.565,526.4371824121497,3013482.4071029266,0.07320654790563312,419.0559701492537,15.392962841170668
Netherlands,2021,10852.0,3041.0,17475415.0,49490.0,41540.0,502.0,1.8178571428571428,620.9866832919275,3568562.972706347,0.07320654790563312,420.6888541165142,16.274251890825386
Netherlands,2022,17105.0,3041.0,17590672.0,51480.0,41540.0,501.0,2.073876862745098,972.390366894454,5624794.47550148,0.07320654790563312,423.46345690900336,16.928641894113778
Netherlands,2023,19195.0,3041.0,17811291.0,50660.0,41540.0,505.0,1.9220192307692305,1077.687181687167,6312068.398553108,0.07320654790563312,428.7744583533943,16.658993752055245
Netherlands,2024,17578.0,3043.0,17942942.0,50870.0,41540.0,513.0,1.9701509433962265,979.6609719855305,5776536.312849162,0.07325469427058257,431.9437168993741,16.71705553729872
Norway,2004,2620.0,4077.0,4577457.0,57540.0,323772.0,429.0,,572.3702046791483,642629.3843512386,0.01259219450724584,14.137902598124606,14.113318616629876
Norway,2005,2723.0,4114.0,4606363.0,58860.0,323772.0,437.0,,591.1388225374335,661886.2421001459,0.012706472455925774,14.227181473382505,14.307243558580456
Norway,2006,2833.0,4114.0,4640219.0,60040.0,323772.0,445.0,,610.5315287920678,688624.2100145844,0.012706472455925774,14.331748885017852,14.594069032571706
Norway,2007,2958.0,4114.0,4681134.0,61460.0,323772.0,455.0,,631.8981682643565,719008.2644628099,0.012706472455925774,14.458118676105407,14.93923189110355
Norway,2008,3123.0,4114.0,4737171.0,61200.0,323772.0,458.0,,659.2542257815899,759115.2163344676,0.012706472455925774,14.631194173677773,14.87603305785124
Norway,2009,3080.0,3910.0,4799252.0,59450.0,323772.0,462.0,,641.766675306902,787723.7851662404,0.012076399441582349,14.822937128596667,15.20460358056266
Norway,2010,3186.0,3958.0,4858199.0,59310.0,323772.0,469.0,,655.7985788560741,804951.9959575543,0.012224651915545507,15.00500043240305,14.984840828701364
Norway,2011,3076.0,3910.0,4920305.0,59350.0,323772.0,477.0,,625.1644969163497,786700.7672634271,0.012076399441582349,15.196820602152131,15.179028132992327
Norway,2012,3092.0,3891.0,4985870.0,60230.0,323772.0,484.0,,620.1525511094353,794654.3305062966,0.012017716170638598,15.399324215806185,15.479311231046003
Norway,2013,3260.0,3897.0,5051275.0,60260.0,323772.0,489.0,,645.3816115733157,836540.9289196818,0.012036247729883992,15.601333654547027,15.46317680266872
Norway,2014,3440.0,3906.0,5109056.0,60840.0,323772.0,495.0,,673.3142091219983,880696.3645673323,0.012064045068752085,15.779795658673388,15.576036866359447
Norway,2015,3555.0,3896.0,5165802.0,61450.0,323772.0,501.0,,688.1796863294412,912474.3326488707,0.012033159136676427,15.955060968829917,15.77258726899384
Norway,2016,3695.0,3895.0,5213985.0,61700.0,323772.0,506.0,,708.6710069169743,948652.1181001284,0.01203007054346886,16.103878655350062,15.840821566110398
Norway,2017,3584.0,3895.0,5258317.0,62850.0,323772.0,514.0,,681.5869031859434,920154.0436456996,0.01203007054346886,16.24080216942787,16.13607188703466
Norway,2018,3722.0,3887.0,5295619.0,63130.0,323772.0,516.0,,702.845125376278,957550.8103936197,0.012005361797808334,16.35601287325649,16.241317211216877
Norway,2019,3715.0,3890.0,5328212.0,63630.0,323772.0,522.0,,697.2320170443669,955012.853470437,0.012014627577431032,16.456679391670683,16.3573264781491
Norway,2020,1804.0,3885.0,5367580.0,62400.0,323772.0,544.0,,336.09187007925357,464350.0643500644,0.011999184611393203,16.578271129066135,16.06177606177606
Norway,2021,1780.0,3885.0,5391369.0,64640.0,323772.0,554.0,,330.1573310971666,458172.45817245817,0.011999184611393203,16.651745672880917,16.63835263835264
Norway,2022,3079.0,3907.0,5425270.0,66670.0,323772.0,550.0,,567.5293579858699,788072.6900435117,0.012067133661959651,16.756452071210607,17.064243665216278
Norway,2023,3513.0,3962.0,5488984.0,66140.0,323772.0,521.0,,640.0091528778368,886673.397274104,0.012237006288375771,16.953238698837453,16.693589096415952
Norway,2024,3876.0,3962.0,5550203.0,66460.0,323772.0,517.0,,698.3528350224307,978293.7910146391,0.012237006288375771,17.142319286411425,16.774356385663808
Poland,2004,18430.0,20250.0,38190608.0,7820.0,312679.0,314.0,,482.5793818207869,910123.4567901235,0.06476290380869838,122.13998381726947,0.3861728395061728
Poland,2005,17882.0,20253.0,38173835.0,8080.0,312679.0,323.0,0.9965414285714287,468.43603740624957,882930.923813756,0.06477249831296633,122.08634094390733,0.39895324149508715
Poland,2006,18240.0,20176.0,38157055.0,8590.0,312679.0,351.0,1.0193448979591837,478.02431293505225,904044.4091990484,0.06452623937008882,122.03267568336857,0.4257533703409992
Poland,2007,19524.0,20107.0,38125479.0,9170.0,312679.0,383.0,1.1142967346938777,512.0984840610133,971005.1225941215,0.06430556577192584,121.93169032778025,0.4560600785795991
Poland,2008,19762.0,20196.0,38115641.0,9570.0,312679.0,422.0,1.2459251020408164,518.4748172016837,978510.596157655,0.06459020273187518,121.90022675011754,0.4738562091503268
Poland,2009,18128.0,20360.0,38135876.0,9810.0,312679.0,434.0,0.955768,475.3529196497283,890373.2809430255,0.06511470229852341,121.9649416814049,0.4818271119842829
Poland,2010,17485.0,20228.0,38022869.0,10150.0,312679.0,453.0,1.134560612244898,459.8548310491773,864395.8868894601,0.06469254411073337,121.60352630013529,0.5017797112912794
Poland,2011,17633.0,20228.0,38062718.0,10680.0,312679.0,476.0,1.2433642857142857,463.26171452075494,871712.4777536088,0.06469254411073337,121.73097010032653,0.527981016412893
Poland,2012,17674.0,20094.0,38063792.0,10840.0,312679.0,492.0,1.3640155102040816,464.32578236030713,879566.039613815,0.0642639895867647,121.73440493285446,0.5394645167711755
Poland,2013,16659.0,19328.0,38062535.0,10930.0,312679.0,510.0,1.3067583999999999,437.67447438800383,861910.1821192052,0.061814192830346774,121.73038483556618,0.5655008278145696
Poland,2014,15885.0,19240.0,38017856.0,11360.0,312679.0,526.0,1.2644342857142856,417.8299796811267,825623.7006237006,0.06153275403848676,121.58749388350353,0.5904365904365905
Poland,2015,17240.0,19231.0,38005614.0,11870.0,312679.0,474.0,1.1100208163265306,453.6171945544677,896469.2423690916,0.06150397052568289,121.54834190975409,0.6172325932088815
Poland,2016,19067.0,19132.0,37967209.0,12240.0,312679.0,493.0,0.995876,502.1965138390868,996602.5507003972,0.06118735188484036,121.42551626428381,0.6397658373405812
Poland,2017,20215.0,19209.0,37972964.0,12870.0,312679.0,507.0,1.0789016,532.3524389615727,1052371.2842938206,0.06143361082771788,121.44392172163785,0.6699984382320787
Poland,2018,21043.0,19196.0,37976687.0,13680.0,312679.0,524.0,1.1586754000000001,554.1031001466769,1096217.9620754323,0.06139203464255674,121.45582850143438,0.7126484684309231
Poland,2019,22056.0,19359.0,37972812.0,14310.0,312679.0,541.0,1.1627467346938776,580.8366259522734,1139315.0472648381,0.06191333604111565,121.44343560008826,0.7391910739191074
Poland,2020,12487.0,19383.0,37958138.0,14310.0,312679.0,566.0,1.0003166000000001,328.9676643253681,644224.3202806583,0.06199009207525929,121.3965056815456,0.7382758086983439
Poland,2021,15844.0,19287.0,37073357.0,15380.0,312679.0,579.0,1.2004510204081633,427.36890538399314,821485.9750090735,0.06168306793868472,118.56682732131036,0.7974283195935086
Portugal,2004,3752.0,2849.0,10473050.0,18890.0,92226.0,,,358.25284897904623,1316953.316953317,0.03089150564916618,113.55854097542992,6.63039663039663
Portugal,2005,3809.0,2839.0,10494672.0,19000.0,92226.0,,1.1453589795918369,362.9460739697248,1341669.6019725255,0.030783076355908313,113.79298679331208,6.692497358224727
Portugal,2006,3876.0,2838.0,10511988.0,19280.0,92226.0,,1.280954693877551,368.72188210260515,1365750.5285412262,0.030772233426582526,113.9807429575174,6.793516560958421
Portugal,2007,3987.0,2838.4,10532588.0,19720.0,92226.0,,1.3198673469387756,378.5394434872037,1404664.5997745208,0.03077657059831284,114.20410730162861,6.947576099210822
Portugal,2008,4213.0,2841.6,10553339.0,19760.0,92226.0,,1.398404081632653,399.21014571786236,1482615.427927928,0.030811267972155356,114.429108928068,6.953828828828829
Portugal,2009,4213.0,2841.6,10563014.0,19120.0,92226.0,,1.2345895999999998,398.8444964666335,1482615.427927928,0.030811267972155356,114.534014269295,6.728603603603604
Portugal,2010,4111.0,2843.0,10573479.0,19440.0,92226.0,444.0,1.3711428571428572,388.80296636518597,1446007.7383046078,0.030826448073211457,114.64748552468934,6.837847344354555
Portugal,2011,4237.0,2793.9,10572721.0,19110.0,92226.0,447.0,1.544938775510204,400.74830310948334,1516518.1287805575,0.030294060243315334,114.6392665842604,6.839901213357672
Portugal,2012,3803.0,2541.2,10558950.0,18410.0,92226.0,406.0,1.6436122448979593,360.16838795524177,1496537.069101212,0.027554052002689046,114.48994860451499,7.244608846214388
Portugal,2013,3649.0,2544.4,10503889.0,18330.0,92226.0,414.0,1.58006,347.3951409806406,1434129.853796573,0.027588749376531566,113.89292607290785,7.204055966043074
Portugal,2014,3852.0,2546.0,10444092.0,18560.0,92226.0,452.0,1.5325102040816327,368.8209563837622,1512961.5082482325,0.027606098063452822,113.24455142801379,7.289866457187745
Portugal,2015,3957.0,2546.0,10395121.0,18920.0,92226.0,456.0,1.4339591836734693,380.65934970838725,1554202.670856245,0.027606098063452822,112.71356233600069,7.431264728986646
Portugal,2016,4266.0,2546.0,10368554.0,19350.0,92226.0,469.0,1.3757499999999998,411.43634879077644,1675569.5208169678,0.027606098063452822,112.42549823260252,7.600157109190888
Portugal,2017,4516.0,2545.96,10344478.0,20020.0,92226.0,490.0,1.46152,436.5614195322374,1773790.6330028751,0.02760566434627979,112.16444386615488,7.863438545774482
Portugal,2018,4570.0,2545.96,10335770.0,20620.0,92226.0,511.0,1.5427199999999999,442.1538017970601,1795000.7070024665,0.02760566434627979,112.07002363758593,8.099106034658831
Portugal,2019,5055.0,2526.15,10333496.0,21150.0,92226.0,525.0,1.491326530612245,489.18584765504335,2001068.8201413217,0.02739086591633596,112.0453668162991,8.372424440353898
Portugal,2020,2563.0,2526.15,10375395.0,19360.0,92226.0,535.0,1.3887,247.0267397048498,1014587.4156324841,0.02739086591633596,112.49967471212022,7.663836272588722
Portugal,2021,2912.0,2527.053,10394297.0,20390.0,92226.0,531.0,1.6216734693877553,280.15362655117514,1152330.4022511598,0.027400657081517142,112.70462776223624,8.068687122905613
Portugal,2022,4419.0,2527.053,10421117.0,21690.0,92226.0,529.0,1.847294117647059,424.0428353313757,1748677.2141304517,0.027400657081517142,112.99543512675385,8.583120338196311
Portugal,2023,4829.0,2527.053,10516621.0,22130.0,92226.0,522.0,1.7190961538461538,459.1779051465295,1910921.5358759789,0.027400657081517142,114.03097824908377,8.757236195679315
Portugal,2024,5447.0,2526.0,10639726.0,22370.0,92226.0,539.0,1.7157358490566037,511.949273881677,2156373.713380839,0.02738923947693709,115.36579706373473,8.855898653998416
Romania,2004,8638.0,11053.0,21521142.0,6320.0,238390.7,151.0,,401.3727524310745,781507.2830905636,0.046365063737805204,90.27676834708735,0.5717904641273862
Romania,2005,7985.0,10948.0,21382354.0,6650.0,238390.7,158.0,,373.4387710539261,729356.9601753745,0.045924610314076846,89.69458120639773,0.6074168797953964
Romania,2006,8092.0,10789.0,21257016.0,7230.0,238390.7,152.0,,380.67431477682476,750023.1717490036,0.04525763798671676,89.16881405189044,0.6701269811845398
Romania,2007,7476.0,10777.0,21130503.0,7870.0,238390.7,172.0,,353.8013269253458,693699.5453280134,0.04520730045257638,88.63811801383191,0.7302588846617797
Romania,2008,6958.0,10785.0,20635460.0,8740.0,238390.7,197.0,1.0240510204081632,337.18657107716524,645155.3082985628,0.045240858808669966,86.56151435437708,0.8103847936949466
Romania,2009,6128.0,10784.0,20440290.0,8330.0,238390.7,209.0,0.844525,299.8000517605181,568249.2581602373,0.04523666401415827,85.74281630952885,0.7724406528189911
Romania,2010,5437.0,10785.0,20294683.0,8050.0,238390.7,214.0,1.063521224489796,267.90268170239466,504126.10106629576,0.045240858808669966,85.13202486506394,0.746407046824293
Romania,2011,5063.0,10777.0,20199059.0,8460.0,238390.7,216.0,1.2290332653061224,250.6552409198864,469796.7894590331,0.04520730045257638,84.73090183467727,0.7850051034610745
Romania,2012,4550.0,10777.0,20095996.0,8660.0,238390.7,224.0,1.2740940816326531,226.41326162684348,422195.4161640531,0.04520730045257638,84.29857372791807,0.8035631437320219
Romania,2013,4382.0,10768.0,20020074.0,8710.0,238390.7,235.0,1.2781198,218.8803098330206,406946.5081723626,0.04516954730197109,83.98009653900088,0.8088781575037147
Romania,2014,4971.0,10777.0,19947311.0,9100.0,238390.7,247.0,1.3382410204081632,249.20652212220483,461260.0909343973,0.04520730045257638,83.67487070594616,0.8443908323281062
Romania,2015,5148.0,10770.0,19870647.0,9430.0,238390.7,261.0,1.2013218367346938,259.0756103714187,477994.4289693593,0.04517793689099449,83.35328097950129,0.8755803156917363
Romania,2016,4988.0,10774.0,19760585.0,9760.0,238390.7,279.0,1.0875306,252.4216767874028,462966.40059402265,0.04519471606904128,82.89159350595472,0.9058845368479673
Romania,2017,5663.0,10774.0,19643949.0,10620.0,238390.7,307.0,1.0488832,288.28215752341856,525617.2266567663,0.04519471606904128,82.40232945328823,0.9857063300538333
Romania,2018,5577.0,10765.0,19533481.0,11260.0,238390.7,332.0,1.1872156,285.5097870164565,518067.81235485367,0.045156962918435996,81.9389388931699,1.0459823502090106
Romania,2019,5906.0,10759.0,19414458.0,11760.0,238390.7,357.0,1.1576457142857144,304.20627761022223,548935.774700251,0.045131794151365805,81.439661866004,1.0930383864671438
Romania,2020,3720.0,10769.0,19328838.0,11390.0,238390.7,379.0,0.952622,192.45854303295417,345435.9736280063,0.04517374209648279,81.08050355991236,1.05766552140403
Romania,2021,4271.0,10764.0,19201662.0,12130.0,238390.7,400.0,1.1607430612244898,222.42866268555295,396785.58156819025,0.0451527681239243,80.54702637309256,1.126904496469714
Romania,2022,5795.0,10615.0,19043098.0,12690.0,238390.7,413.0,1.5354631372549021,304.30972943583026,545925.5770136599,0.0445277437416812,79.88188297613958,1.1954780970325012
Romania,2023,6151.0,10611.0,19055228.0,12970.0,238390.7,425.0,1.3713882692307693,322.7985516625674,579681.4626331165,0.0445109645636344,79.93276583356649,1.2223164640467439
Romania,2024,5942.0,10611.0,19067576.0,13090.0,238390.7,444.0,1.4389403502895939,311.62849436131785,559984.9213080765,0.0445109645636344,79.98456315619694,1.2336254829893507
Slovakia,2004,2228.0,3660.0,5371875.0,10410.0,49035.0,223.0,,414.75276323443865,608743.1693989071,0.07464056286326094,109.55185071887428,2.8442622950819674
Slovakia,2005,2182.0,3658.0,5372685.0,11070.0,49035.0,243.0,0.9619516326530612,406.12840693247415,596500.8201202843,0.07459977567043949,109.56836953196697,3.0262438490978676
Slovakia,2006,2213.0,3658.0,5372928.0,12050.0,49035.0,248.0,1.0549216326530613,411.87970506956356,604975.3963914708,0.07459977567043949,109.57332517589477,3.2941498086386005
Slovakia,2007,2165.0,3629.0,5373180.0,13340.0,49035.0,267.0,1.108775918367347,402.9271306749448,596583.0807384955,0.0740083613745284,109.57846436219027,3.675943786166988
Slovakia,2008,2296.0,3623.0,5376064.0,14030.0,49035.0,287.0,1.2445716326530611,427.0782490684635,633728.953905603,0.07388599979606404,109.63727949423881,3.8724813690311897
Slovakia,2009,2264.0,3623.0,5382401.0,13230.0,49035.0,295.0,1.1066,420.6301239911333,624896.4946177201,0.07388599979606404,109.76651371469359,3.6516698868341155
Slovakia,2010,2309.0,3622.0,5390410.0,14100.0,49035.0,310.0,1.2461836734693879,428.35331635255943,637493.0977360575,0.07386560619965331,109.9298460283471,3.8928768636112645
Slovakia,2011,2431.0,3624.0,5392446.0,14540.0,49035.0,324.0,1.4427106122448978,450.81582643572136,670805.7395143488,0.07390639339247476,109.97136739063934,4.012141280353201
Slovakia,2012,2459.0,3631.0,5404322.0,14750.0,49035.0,337.0,1.5422244897959185,455.0061968920431,677223.9052602589,0.07404914856734986,110.21356174161313,4.06224180666483
Slovakia,2013,2485.0,3631.0,5410836.0,14830.0,49035.0,347.0,1.4880799999999998,459.2635962354061,684384.4670889562,0.07404914856734986,110.34640562863261,4.084274304599284
Slovakia,2014,2583.0,3627.0,5415949.0,15220.0,49035.0,360.0,1.454734693877551,476.92472731925653,712158.8089330025,0.07396757418170695,110.45067808708066,4.196305486628067
Slovakia,2015,3411.0,3626.0,5421349.0,16000.0,49035.0,375.0,1.2913265306122448,629.1791950675007,940706.0121345836,0.07394718058529622,110.56080350769858,4.4125758411472695
Slovakia,2016,3484.0,3626.0,5426252.0,16280.0,49035.0,390.0,1.2062,642.0638038926317,960838.389409818,0.07394718058529622,110.66079331090037,4.489795918367347
Slovakia,2017,3754.0,3626.0,5435343.0,16730.0,49035.0,408.0,1.28496,690.6647841727744,1035300.6067291781,0.07394718058529622,110.8461914958703,4.613899613899614
Slovakia,2018,3792.0,3627.0,5443120.0,17380.0,49035.0,426.0,1.36246,696.6592689486912,1045492.1422663358,0.07396757418170695,111.00479249515652,4.791838985387373
Slovakia,2019,3957.0,3629.0,5450421.0,17760.0,49035.0,439.0,1.325326530612245,725.9989641167168,1090383.0256268946,0.0740083613745284,111.15368614255124,4.893910168090383
Slovakia,2020,2133.0,3627.0,5457873.0,17270.0,49035.0,447.0,1.17968,390.8115853923314,588089.3300248139,0.07396757418170695,111.30565922300397,4.761510890543149
Slovakia,2021,1969.0,3626.0,5459781.0,18320.0,49035.0,459.0,1.384918367346939,360.6371757401991,543022.6144511859,0.07394718058529622,111.34457020495564,5.052399338113624
Slovakia,2022,3168.0,3626.0,5434712.0,18360.0,49035.0,471.0,1.6907843137254903,582.9195732910962,873690.0165471594,0.07394718058529622,110.83332313653513,5.063430777716492
Slovakia,2023,3543.0,3631.0,5428792.0,18750.0,49035.0,487.0,1.5921346153846154,652.6313772935121,975764.2522721014,0.07404914856734986,110.71259304578362,5.163866703387496
Slovakia,2024,3571.0,3629.0,5424687.0,19110.0,49035.0,502.0,1.572811320754717,658.286828346041,984017.6357123174,0.0740083613745284,110.62887733251759,5.2659134747864424
Slovenia,2004,695.0,1228.7,1996433.0,17950.0,20273.0,456.0,,348.1208735780264,565638.4796939855,0.060607704829083016,98.47743303901741,14.608936274110848
Slovenia,2005,716.0,1228.1,1997590.0,18610.0,20273.0,479.0,0.9203087755102041,358.43191045209477,583014.4125071248,0.06057810881467962,98.53450402012528,15.153489129549712
Slovenia,2006,724.0,1228.07,2003358.0,19640.0,20273.0,487.0,0.9980330612244899,361.3932207823065,589542.9413632774,0.06057662901395945,98.81902037192324,15.992573713224816
Slovenia,2007,740.0,1228.07,2010377.0,20930.0,20273.0,504.0,1.029530612244898,368.0901641831358,602571.5146530735,0.06057662901395945,99.16524441375228,17.043002434714634
Slovenia,2008,765.0,1228.07,2010269.0,21600.0,20273.0,514.0,1.0794285714285714,380.5460861208127,622928.66041838,0.06057662901395945,99.15991713115967,17.58857394122485
Slovenia,2009,773.0,1228.07,2032362.0,19770.0,20273.0,517.0,1.04842,380.3456274029922,629442.9470632782,0.06057662901395945,100.24969170818329,16.09843087120441
Slovenia,2010,729.0,1228.07,2046976.0,19920.0,20273.0,518.0,1.1989795918367347,356.1350987993997,593614.3705163386,0.06057662901395945,100.97055196566862,16.22057374579625
Slovenia,2011,689.0,1209.13,2050189.0,20010.0,20273.0,519.0,1.289204081632653,336.066577276534,569831.2009461347,0.059642381492625664,101.1290386227988,16.549089014415323
Slovenia,2012,659.0,1209.0,2055496.0,19390.0,20273.0,518.0,1.4750204081632652,320.6038834422446,545078.5773366418,0.059635969022838256,101.39081537019682,16.038047973531846
Slovenia,2013,679.0,1209.0,2058821.0,19210.0,20273.0,518.0,1.4896,329.80040518335494,561621.1745244004,0.059635969022838256,101.55482661668229,15.889164598842019
Slovenia,2014,620.0,1209.0,2061085.0,19720.0,20273.0,518.0,1.454612244897959,300.8124361683288,512820.5128205128,0.059635969022838256,101.66650224436442,16.31100082712986
Slovenia,2015,628.0,1209.0,2062874.0,20170.0,20273.0,523.0,1.2905714285714285,304.4296452425112,519437.5516956162,0.059635969022838256,101.75474769397721,16.683209263854426
Slovenia,2016,611.0,1209.0,2064188.0,20770.0,20273.0,531.0,1.1943482,296.00017052710314,505376.34408602153,0.059635969022838256,101.81956296552065,17.17948717948718
Slovenia,2017,570.0,1209.0,2065895.0,21830.0,20273.0,541.0,1.269537,275.90947264986846,471464.01985111664,0.059635969022838256,101.9037636264983,18.056244830438377
Slovenia,2018,568.0,1209.0,2066880.0,22720.0,20273.0,549.0,1.3257682,274.8103421582288,469809.7601323408,0.059635969022838256,101.95235041681053,18.79239040529363
Slovenia,2019,572.0,1209.0,2080908.0,23330.0,20273.0,556.0,1.2848479591836734,274.88000430581263,473118.27956989245,0.059635969022838256,102.64430523356188,19.296939619520266
Slovenia,2020,338.0,1209.0,2095861.0,22230.0,20273.0,555.0,1.0673118,161.27023690979507,279569.89247311826,0.059635969022838256,103.38188723918512,18.387096774193548
Slovenia,2021,504.0,1209.0,2108977.0,24040.0,20273.0,564.0,1.222658775510204,238.9784241364415,416873.44913151365,0.059635969022838256,104.02885611404331,19.88420181968569
Slovenia,2022,645.0,1208.0,2107180.0,24660.0,20273.0,571.0,1.493333137254902,306.0962993194696,533940.3973509934,0.059586642332165936,103.94021605090515,20.41390728476821
Slovenia,2023,742.0,1208.0,2116972.0,25120.0,20273.0,579.0,1.449540576923077,350.5006206978647,614238.4105960265,0.059586642332165936,104.42322300596852,20.794701986754966
Slovenia,2024,886.0,1208.0,2123949.0,25480.0,20273.0,587.0,1.493025283018868,417.14749271286644,733443.7086092716,0.059586642332165936,104.76737532678932,21.09271523178808
Spain,2004,20328.0,14301.0,42547451.0,24590.0,505944.0,451.0,,477.7724522204632,1421439.06020558,0.028265974099900386,84.09517851778062,1.7194601776099574
Spain,2005,21151.0,14270.0,43296338.0,25000.0,505944.0,460.5,0.962930612244898,488.51706580819837,1482200.4204625087,0.028204702496719004,85.57535616589978,1.751927119831815
Spain,2006,21620.0,14406.0,44009971.0,25600.0,505944.0,470.0,1.0352216326530612,491.25231189086674,1500763.5707344161,0.0284735069493857,86.98585416567842,1.777037345550465
Spain,2007,21362.0,14733.0,44784666.0,25990.0,505944.0,476.0,1.0497285714285716,476.99362098625454,1449942.3063870224,0.02911982353778284,88.51704141169773,1.7640670603407318
Spain,2008,23453.0,14685.0,45668939.0,25760.0,505944.0,479.0,1.1317216326530612,513.5437895765435,1597071.8420156622,0.02902495137801812,90.26480993943994,1.7541709227102487
Spain,2009,23055.0,14653.0,46239273.0,24590.0,505944.0,473.0,1.0062034,498.60212983884935,1573397.938988603,0.02896170327150831,91.39207698875765,1.6781546441001842
Spain,2010,22343.0,15119.0,46486619.0,24510.0,505944.0,475.0,1.1621830612244899,480.63293224228676,1477809.3789271777,0.029882753822557437,91.88095718103189,1.62113896421721
Spain,2011,22931.0,15178.0,46667174.0,24260.0,505944.0,476.0,1.3174802040816325,491.37322949960503,1510805.1126630649,0.0299993675189349,92.23782473949686,1.598366056133878
Spain,2012,22446.0,15176.0,46818219.0,23560.0,505944.0,476.0,1.425644285714286,479.42874546338464,1479045.8618871903,0.029995414512278037,92.5363656847398,1.5524512387981022
Spain,2013,23755.0,15312.0,46712650.0,23310.0,505944.0,474.0,1.4311422916666665,508.5346260595363,1551397.5966562172,0.030264218964944738,92.32770820486061,1.5223354231974922
Spain,2014,25034.0,15182.0,46495744.0,23730.0,505944.0,475.0,1.3926463265306124,538.4148708320487,1648926.3601633513,0.030007273532248628,91.89899277390383,1.5630351732314582
Spain,2015,26108.0,15384.0,46425722.0,24720.0,505944.0,482.0,1.2317565306122449,562.3606672180564,1697087.8835153405,0.03040652720459181,91.7605940578404,1.606864274570983
Spain,2016,26646.0,16167.0,46418884.0,25420.0,505944.0,492.0,1.149463,574.0336195932673,1648172.2026349972,0.03195412931075376,91.74707872808058,1.572338714665677
Spain,2017,27490.0,15949.0,46497393.0,26110.0,505944.0,529.0,1.2168798,591.215941934637,1723619.0356762179,0.03152325158515567,91.90225202789242,1.6370932346855602
Spain,2018,28420.0,15449.0,46645070.0,26620.0,505944.0,539.0,1.2926786000000001,609.281966990295,1839601.2686905302,0.030534999920939866,92.19413610992521,1.723088873066218
Spain,2019,28847.0,16006.02,46918951.0,26930.0,505944.0,546.0,1.2972826530612245,614.826192512275,1802259.3999007873,0.03163595180494284,92.73546281801939,1.6824919623991472
Spain,2020,12060.0,16122.0,47318050.0,23850.0,505944.0,549.0,1.1779389999999998,254.87102701823088,748046.1481205806,0.031865186660974334,93.52428331989312,1.479344994417566
Spain,2021,17002.0,16235.0,47400798.0,25440.0,505944.0,554.0,1.3802679591836737,358.685944485576,1047243.6094856791,0.03208853153708711,93.68783501731417,1.5669849091469048
Spain,2022,27489.0,16421.0,47486843.0,26820.0,505944.0,553.0,1.7809982352941176,578.8761320688343,1674014.9808172463,0.03245616115617539,93.85790324620906,1.6332744656232872
Spain,2023,34632.0,16252.0,48085361.0,27150.0,505944.0,551.0,1.6360392307692306,720.2191951933147,2130937.7307408317,0.032122132093670444,95.0408760653353,1.6705636229387153
Spain,2024,38038.0,16257.0,48619695.0,27800.0,505944.0,543.0,1.5777730188679246,782.3578490157126,2339792.0895614196,0.032132014610312606,96.09698899482947,1.7100326013409608
Sweden,2004,8634.0,11050.0,8975670.0,40360.0,438574.0,456.0,,961.9337609337242,781357.4660633485,0.025195292014574506,20.465577074792396,3.6524886877828053
Sweden,2005,8910.0,11017.0,9011392.0,41330.0,438574.0,459.0,1.183107142857143,988.7484641662464,808750.1134610148,0.025120048156069445,20.547027411565665,3.751474993192339
Sweden,2006,9617.0,11020.0,9047752.0,42990.0,438574.0,461.0,1.2339842857142858,1062.9159596770558,872686.0254083484,0.02512688850684263,20.6299324629367,3.901088929219601
Sweden,2007,10261.0,10972.0,9113257.0,44080.0,438574.0,464.0,1.2441920408163265,1125.9421302394962,935198.6875683558,0.02501744289447163,20.77929152206925,4.017499088589136
Sweden,2008,11146.0,11032.0,9182927.0,43330.0,438574.0,462.0,1.310732448979592,1213.774213820931,1010333.5750543872,0.02515424990993538,20.938147268191912,3.9276649746192893
Sweden,2009,11321.0,11149.0,9256347.0,41130.0,438574.0,460.0,1.1244969999999999,1223.0526794209422,1015427.3925912637,0.0254210235900897,21.10555345278106,3.68912010045744
Sweden,2010,11155.0,11160.0,9340682.0,43130.0,438574.0,460.0,1.340415918367347,1194.238279389021,999551.9713261649,0.025446104876258053,21.297847113599985,3.8646953405017923
Sweden,2011,11379.0,11206.0,9415570.0,44150.0,438574.0,464.0,1.5431112244897958,1208.5301261633656,1015438.1581295735,0.025550990254780265,21.468600509834143,3.939853649830448
Sweden,2012,11792.0,11136.0,9482855.0,43650.0,438574.0,465.0,1.710400612244898,1243.5073614433627,1058908.0459770116,0.025391382070072552,21.622018177092123,3.919719827586207
Sweden,2013,11842.0,10957.0,9555893.0,43770.0,438574.0,466.0,1.6717629999999999,1239.2353074694327,1080770.2838368167,0.02498324114060569,21.78855335701615,3.9947065802683217
Sweden,2014,12121.0,10881.0,9644864.0,44330.0,438574.0,470.0,1.5726628571428571,1256.7310435896245,1113960.113960114,0.024809952254351602,21.991417639896575,4.074074074074074
Sweden,2015,12741.0,10908.0,9747355.0,45790.0,438574.0,474.0,1.4094679591836734,1307.1238300031137,1168041.8041804181,0.02487151541131029,22.225109103594832,4.197836450311698
Sweden,2016,12800.0,10882.0,9851017.0,46220.0,438574.0,477.0,1.3844370000000001,1299.3582286986207,1176254.3650064326,0.024812232371276,22.461470584211558,4.247380996140415
Sweden,2017,13331.0,10874.0,9995153.0,46420.0,438574.0,479.0,1.4555204000000002,1333.7464669125125,1225951.8116608423,0.024793991435880833,22.79011751722628,4.268898289497885
Sweden,2018,13547.0,10906.0,10120242.0,46700.0,438574.0,476.0,1.4989152,1338.6043535322574,1242160.2787456445,0.0248669551774615,23.07533506318204,4.282046579864295
Sweden,2019,14617.0,10899.0,10230185.0,47410.0,438574.0,473.0,1.4823740816326532,1428.8109159316277,1341132.2139645838,0.02485099435899073,23.326017958200897,4.349940361501055
Sweden,2020,8129.0,10909.0,10327589.0,46180.0,438574.0,476.0,1.3490638000000001,787.114979110807,745164.5430378587,0.02487379552823469,23.548110467104753,4.233201943349528
Sweden,2021,8027.0,10912.0,10379295.0,48300.0,438574.0,477.0,1.6098691836734693,773.3665918542637,735612.1700879765,0.024880635879007875,23.666006192797568,4.426319648093842
Sweden,2022,12879.0,10914.0,10452326.0,48390.0,438574.0,473.0,1.9390135294117647,1232.165931296058,1180043.9802089059,0.024885196112856667,23.832525411903124,4.4337548103353495
Sweden,2023,13308.0,10906.0,10521556.0,47960.0,438574.0,472.0,1.739945576923077,1264.8319317028775,1220245.7362919494,0.0248669551774615,23.99037790657905,4.397579314139006
Sweden,2024,13626.0,10902.0,10551707.0,48770.0,438574.0,470.0,1.5756530334826546,1291.3550385733797,1249862.4105668685,0.024857834709763917,24.05912571196651,4.473491102549991
Switzerland,2008,17699.0,5146.0,7593494.0,74230.0,41291.0,518.0,,2330.811086437943,3439370.384764866,0.12462764282773486,183.901915671696,14.424795958025651
Switzerland,2009,18497.0,5188.0,7701856.0,71980.0,41291.0,515.0,,2401.6289060714716,3565343.099460293,0.12564481363977623,186.52626480346808,13.874325366229762
Switzerland,2010,19093.0,5124.0,7785806.0,73760.0,41291.0,518.0,,2452.2830391612633,3726190.476190476,0.12409483906904652,188.5593955099174,14.395003903200625
Switzerland,2011,19387.0,5140.0,7870134.0,74140.0,41291.0,523.0,,2463.3633938126086,3771789.8832684825,0.12448233271172895,190.60168075367514,14.424124513618677
Switzerland,2012,19180.0,5147.0,7954662.0,74160.0,41291.0,529.0,,2411.16467299302,3726442.5879152906,0.12465186118040252,192.6488096679664,14.408393238779873
Switzerland,2013,19368.0,5181.0,8039060.0,74650.0,41291.0,536.0,,2409.236900831689,3738274.464389114,0.12547528517110265,194.69279019641084,14.408415363829377
Switzerland,2014,19934.0,5187.0,8139631.0,75620.0,41291.0,538.0,,2449.005366459487,3843069.211490264,0.12562059528710856,197.12845414254923,14.578754578754578
Switzerland,2015,20228.0,5205.0,8237666.0,75780.0,41291.0,541.0,,2455.54990940395,3886263.2084534103,0.1260565256351263,199.50270034632246,14.559077809798271
Switzerland,2016,20657.0,5249.0,8327126.0,76410.0,41291.0,544.0,,2480.687814739443,3935416.2697656695,0.12712213315250295,201.66927417597054,14.55705848733092
Switzerland,2017,20707.0,5251.0,8419550.0,76770.0,41291.0,546.0,,2459.395098312855,3943439.344886688,0.12717056985783828,203.9076312029256,14.620072367168158
Switzerland,2018,20451.0,5248.0,8484130.0,78760.0,41291.0,546.0,,2410.5005463141183,3896913.1097560977,0.12709791479983532,205.47165241820252,15.007621951219512
Switzerland,2019,21559.0,5288.0,8544527.0,79070.0,41291.0,545.0,,2523.1355697044437,4076966.7170953103,0.12806664890654137,206.93436826427066,14.952723146747353
Switzerland,2020,13261.0,5303.0,8606033.0,76710.0,41291.0,546.0,,1540.8957878734604,2500660.00377145,0.12842992419655616,208.42394226344723,14.4653969451254
Switzerland,2021,14223.0,5305.0,8670300.0,80850.0,41291.0,549.0,,1640.4276668627383,2681055.607917059,0.12847836090189146,209.9803831343392,15.240339302544768
Switzerland,2022,19201.0,5305.0,8738791.0,83000.0,41291.0,546.0,,2197.2146948016034,3619415.645617342,0.12847836090189146,211.63912232689933,15.645617342130066
Switzerland,2023,22093.0,5318.0,8815385.0,82440.0,41291.0,542.0,,2506.186627129728,4154381.346370816,0.12879319948657092,213.49410283112542,15.502068446784506
Switzerland,2024,22796.0,5307.0,8962258.0,82650.0,41291.0,542.0,,2543.555429892779,4295458.827963067,0.12852679760722677,217.0511249424814,15.573770491803279
Türkiye,2004,5237.0,8697.0,67187251.0,4450.0,783562.0,79.0,,77.94633538437225,602161.664941934,0.011099313136675847,85.74592820989277,0.5116706910428883
Türkiye,2005,5036.0,8697.0,68010221.0,4790.0,783562.0,84.0,,74.04769350771555,579050.2472116821,0.011099313136675847,86.79622161360557,0.5507646314821203
Türkiye,2006,5277.0,8697.0,68860539.0,5070.0,783562.0,88.0,,76.63314979280078,606760.9520524319,0.011099313136675847,87.8814171692859,0.5829596412556054
Türkiye,2007,5553.0,8697.0,69729967.0,5260.0,783562.0,92.0,,79.63577553392503,638496.0331148672,0.011099313136675847,88.99100135024415,0.6048062550304703
Türkiye,2008,5097.0,8699.0,70586256.0,5240.0,783562.0,95.0,,72.20952475507413,585929.4171743878,0.011101865583068091,90.08381723462853,0.6023680882860099
Türkiye,2009,5374.0,9080.0,71517100.0,4920.0,783562.0,98.0,,75.14286792948819,591850.2202643172,0.011588106620790697,91.27178193939982,0.5418502202643172
Türkiye,2010,5491.0,9594.0,72561312.0,5260.0,783562.0,102.0,,75.67393489246722,572336.877214926,0.01224408534359757,92.6044295154691,0.5482593287471337
Türkiye,2011,4002.0,9642.0,73722988.0,5750.0,783562.0,109.0,,54.28428918263595,415059.1163658992,0.012305344057011442,94.08698737304769,0.5963493051234183
Türkiye,2012,3006.0,9642.0,74724269.0,5950.0,783562.0,114.0,,40.227894367223584,311761.0454262601,0.012305344057011442,95.36484541108426,0.6170918896494503
Türkiye,2013,3020.0,9718.0,75627384.0,6360.0,783562.0,121.0,,39.93262546275566,310763.5315908623,0.01240233701991674,96.51742172285027,0.6544556493105578
Türkiye,2014,3458.0,10087.0,76667864.0,6500.0,783562.0,127.0,,45.10364342483834,342817.4878556558,0.012873263379285876,97.84530643395162,0.6443937741647665
Türkiye,2015,3708.0,10131.0,77695904.0,6690.0,783562.0,134.0,,47.72452354759911,366005.3301747113,0.012929417199915258,99.15731492849322,0.6603494225644063
Türkiye,2016,3323.0,10131.0,78741053.0,6770.0,783562.0,142.0,,42.20162003675516,328003.1586220511,0.012929417199915258,100.49115832569727,0.6682459776922318
Türkiye,2017,3633.0,10207.0,79814871.0,7170.0,783562.0,149.0,,45.51783338721427,355932.2033898305,0.013026410162820556,101.86158976571095,0.7024590966983443
Türkiye,2018,4374.0,10315.0,80810525.0,7290.0,783562.0,151.0,,54.12661283910728,424042.6563257392,0.013164242268001766,103.13226649582292,0.7067377605428987
Türkiye,2019,4912.0,10378.0,82003882.0,7270.0,783562.0,150.0,,59.89960328951256,473308.9227211409,0.013244644329357473,104.65525638047787,0.7005203314704181
Türkiye,2020,1520.0,10378.0,83154997.0,7340.0,783562.0,157.0,,18.279117970505126,146463.67315475043,0.013244644329357473,106.12433604488221,0.7072653690499133
Türkiye,2021,2251.0,10546.0,83614362.0,8130.0,783562.0,162.0,,26.92121241085353,213445.85624881473,0.013459049826306023,106.71058831336894,0.7709084012895885
Türkiye,2022,5922.0,10651.0,84680273.0,8490.0,783562.0,167.0,,69.93364322290269,556004.1310675055,0.013593053261898866,108.07092865657089,0.797108252746221
Türkiye,2023,6245.0,11417.0,85279553.0,8920.0,783562.0,178.0,,73.22974593921711,546991.3287203293,0.014570640230128567,108.83574369354308,0.7812910571954104
Türkiye,2024,6273.0,11417.0,85372377.0,9220.0,783562.0,189.0,,73.47809936227968,549443.8118595077,0.014570640230128567,108.95420783549993,0.8075676622580362
United Kingdom,2004,43474.0,16458.0,59793759.0,40504.4118103928,248536.0,461.0,,727.0658464539753,2641511.726819784,0.0662197830495381,240.58389529082305,2.4610773976420464
United Kingdom,2005,44642.0,15810.0,60182050.0,42240.2462987547,248536.0,467.0,1.268562448979592,741.7826411695846,2823655.9139784947,0.06361251488717933,242.14620819519104,2.6717423338870776
United Kingdom,2006,47297.0,15795.0,60620361.0,44695.161023424,248536.0,456.0,1.3413716326530611,780.2164028683366,2994428.616650839,0.0635521614574951,243.90977966974603,2.829703135386135
United Kingdom,2007,50474.0,15814.0,61073279.0,50629.0799172887,248536.0,458.0,1.3801851020408162,826.449812855144,3191728.8478563298,0.06362860913509512,245.73212331412753,3.2015353431951876
United Kingdom,2008,53002.0,16160.0,61571647.0,47652.4030691881,248536.0,458.0,1.3647618367346939,860.8182918998415,3279826.7326732674,0.06502076157981138,247.73733785045223,2.9487873186378772
United Kingdom,2009,52765.0,16126.0,62042343.0,39009.3715547821,248536.0,452.0,1.1183176000000001,850.4675589056977,3272045.1444871635,0.06488396047252712,249.63121237969548,2.4190358151297344
United Kingdom,2010,55831.0,16223.0,62510197.0,39778.3220528565,248536.0,451.0,1.3609522448979592,893.1502807453958,3441471.984219935,0.06527424598448514,251.51365194579458,2.451970785480891
United Kingdom,2011,58462.0,16210.0,63022532.0,42295.9273835322,248536.0,448.0,1.5375706122448978,927.6364840435164,3606539.173349784,0.0652219396787588,253.57506357227928,2.6092490674603455
United Kingdom,2012,60783.0,16195.0,63495088.0,42688.3263728372,248536.0,449.0,1.6771808163265307,957.2866486932029,3753195.430688484,0.06516158624907457,255.47642192680337,2.635895422836505
United Kingdom,2013,61950.0,16195.0,63905342.0,43606.9837896348,248536.0,453.6666666666667,1.5831263999999998,969.4025266307158,3825254.708243285,0.06516158624907457,257.127104322915,2.692620178427589
United Kingdom,2014,64711.0,16202.0,64351203.0,47746.2421759562,248536.0,458.3333333333333,1.5863832653061225,1005.5911464467882,3994013.084804345,0.06518975118292722,258.92105369041104,2.946935080604629
United Kingdom,2015,66594.0,16241.0,64853393.0,45255.3449216209,248536.0,463.0,1.5355140816326531,1026.8391046247957,4100363.2781232684,0.06534667010010622,260.9416462806193,2.7864875883024998
United Kingdom,2016,68010.0,16253.0,65379044.0,41257.9085545556,248536.0,469.0,1.3308655999999999,1040.2415795495572,4184458.2538608257,0.0653949528438536,263.0566356584157,2.5384795763585553
United Kingdom,2017,68912.0,16320.0,65844142.0,40916.8115070354,248536.0,472.0,1.341021,1046.5927249837957,4222549.019607843,0.06566453149644318,264.9279862877008,2.5071575678330515
United Kingdom,2018,69706.0,16289.0,66273576.0,43702.9976303165,248536.0,474.0,1.4164348000000002,1051.7917427603425,4279329.608938548,0.06553980107509576,266.6558406025686,2.6829760961579288
United Kingdom,2019,71823.0,16480.0,66647112.0,43158.7411267323,248536.0,,1.4235985714285715,1077.661099553721,4358191.747572816,0.06630830141307496,268.15878584993726,2.6188556508939502
